Tamil Tokens,Telugu Tokens
எனக்கு வயிறு வலி உள்ளது,నాకు పొట్ట నొప్పి ఉంది
நீ என்ன செய்கிறாய்,నువ్వు ఏమి చేస్తున్నావు
நீ எங்கு செல்கிறாய்,నువ్వు ఎక్కడికి వెళ్తున్నావు
நீ காபி குடிப்பாயா,నువ్వు కాఫీ తాగుతావా
எனக்கு நீண்ட நேரம் ஆகிறது,నాకు ఎక్కువ సమయం అయ్యింది
இதைக் கொஞ்சம் விரைவாக செய்,దీన్ని కాస్త త్వరగా చేయి
அவன் மிகவும் சுறுசுறுப்பானவனாக இருக்கிறான்,అతను చాలా చురుకుగా ఉన్నాడు
அவள் அழகாக இருக்கிறாள்,ఆమె అందంగా ఉంది
என்னுடன் நடந்து வா,నా వెంట నడిచివా
இதை எப்படி செய்வது,దీన్ని ఎలా చేయాలి
நான் சாப்பிட வேண்டும்,నేను తినాలి
இந்தப் புத்தகம் நன்றாக இருக்கிறது,ఈ పుస్తకం బాగుంది
நான் உன்னை இன்று பார்க்க விரும்புகிறேன்,నేను నిన్ను ఈరోజు చూడాలనుకుంటున్నాను
என்னுடைய பெயர் விஜய்,నా పేరు విజయ్
உங்கள் நண்பர்கள் எங்கே இருக்கிறார்கள்,మీ స్నేహితులు ఎక్కడ ఉన్నారు
நான் வேலைக்கு சென்று வருகிறேன்,నేను పనికి వెళ్ళి వస్తాను
நீ வண்டி ஓட்டுகிறாயா,నువ్వు కారు నడుపుతావా
மழை வந்துவிட்டது,వర్షం వచ్చింది
நான் அவனை நேசிக்கிறேன்,నేను అతన్ని ప్రేమిస్తున్నాను
உனக்கு என்ன வேண்டும்,నీకు ఏమి కావాలి
நீங்கள் எவ்வளவு உயரமாக இருக்கிறீர்கள்,మీరు ఎంత పొడవుగా ఉన్నారు
நான் ஒரு பாடல் பாடினேன்,నేను ఒక పాట పాడాను
நீங்கள் அதை எப்போது முடிக்கலாம்,మీరు దాన్ని ఎప్పుడూ పూర్తి చేస్తారు
நான் சினிமாவிற்கு செல்ல விரும்புகிறேன்,నేను సినిమాకు వెళ్ళాలనుకుంటున్నాను
அவன் இப்போது என்ன செய்கிறான்,అతను ఇప్పుడేం చేస్తున్నాడు
நீ உணவு சாப்பிட்டாயா,నువ్వు భోజనం చేశావా
நான் இன்று பள்ளிக்கு சென்றேன்,నేను ఈరోజు పాఠశాలకు వెళ్లాను
அது எங்கே உள்ளது,అది ఎక్కడ ఉంది
நான் உன்னுடன் வருவேன்,నేను నీతో వస్తాను
நான் வேலை செய்துகொண்டு இருக்கிறேன்,నేను పని చేస్తున్నాను
இன்று சூரியன் அதிகமாகவிருக்கிறது,ఈ రోజు సూర్యుడు ఎక్కువగా ఉన్నాడు
எனக்கு சிறிது தண்ணீர் கொடுங்கள்,నాకు కొంచెం నీళ్లు ఇవ్వండి
நீங்கள் உங்கள் நண்பரை சந்திக்கிறீர்களா,మీరు మీ స్నేహితుడిని కలుస్తారా
இவை என்னவென்று எனக்கு தெரியவில்லை,ఇవి ఏమిటో నాకు తెలియదు
உங்கள் வீட்டிற்கு எப்போது போகிறீர்கள்,మీ ఇంటికి ఎప్పుడు వెళ్ళతారు
நான் நீங்கள் கூறியதை செய்து முடித்தேன்,నేను మీరు చెప్పిన పని పూర్తి చేశాను
இந்த வண்டி எனக்கு மிகவும் பிடித்தமானது,ఈ కారు నాకు చాలా ఇష్టం
நான் எதையும் மறக்கமாட்டேன்,నేను ఏదీ మర్చిపోను
நீ என்னிடம் இதை கூறியிருந்தால்,నువ్వు నాకు ఇది చెప్పుంటే
இது எனக்கு பிடிக்கவில்லை,ఇది నాకు నచ్చదు
அவள் என்னிடம் பேசினாள்,ఆమె నాతో మాట్లాడింది
நான் இதை ஒருநாள் கண்டுபிடிக்கிறேன்,నేను దీన్ని ఒక రోజు కనుగొంటాను
இந்தப் பழம் இனிமையாக உள்ளது,ఈ పండు తీయగా ఉంది
நான் உங்களுடன் வர விரும்புகிறேன்,నేను మీతో రావాలనుకుంటున్నాను
நீ என்னை காத்திரு,నువ్వు నన్ను వేచి ఉండు
நான் அதை இப்போது செய்யவில்லையா,నేను అది ఇప్పడు చేయలేదా
உங்கள் பிறந்த நாள் எப்போது,మీ పుట్టిన రోజు ఎప్పుడు
அவன் விரைவில் திரும்பிவிடுவான்,అతను త్వరగా తిరిగి వస్తాడు
இந்தக் கோடு நல்லது,ఈ లైన్ బాగుంది
நான் உங்கள் உதவியைப் பெற விரும்புகிறேன்,నేను మీ సహాయాన్ని పొందాలనుకుంటున్నాను
இந்த முறை என்னால் முடியாது,ఈసారి నాకు కుదరదు
இது மிகவும் விலை உயர்ந்தது,ఇది చాలా ఖరీదైనది
உங்களிடம் என்ன கேட்கிறீர்கள்,మీరు ఏమి అడుగుతున్నారు
நான் உங்களுடன் இருப்பேன்,నేను మీతో ఉంటాను
உன் நேரம் என்ன,నీ సమయం ఎంత
இன்று நான் மிகவும் சோர்வாக இருக்கிறேன்,ఈరోజు నేను చాలా అలసిపోయాను
நான் சிறிது நேரம் பேச விரும்புகிறேன்,నేను కొంత సమయం మాట్లాడాలనుకుంటున్నాను
இது எவ்வளவு தூரம் உள்ளது,ఇది ఎంత దూరం ఉంది
அவள் படிக்கும் பொழுது மிகவும் கவனமாக இருக்கிறாள்,ఆమె చదువుతున్నప్పుడు చాలా జాగ్రత్తగా ఉంటుంది
நான் இந்த வேலையை முடித்துவிடுவேன்,నేను ఈ పనిని పూర్తిచేస్తాను
உன்னைப் பற்றி எனக்கு அதிகமாக தெரியும்,నీ గురించి నాకు చాలా తెలుసు
உன்னை நாளை சந்திக்க விரும்புகிறேன்,నిన్ను రేపు కలవాలనుకుంటున్నాను
நான் உங்களை உண்மையிலேயே பாராட்டுகிறேன்,నేను మిమ్మల్ని నిజంగా మెచ్చుకుంటున్నాను
இந்த உணவு சுவையாக இருக்கிறது,ఈ ఆహారం రుచిగా ఉంది
இப்போதும் நீ என்னை காதலிக்கிறாயா,ఇప్పటికీ నువ్వు నన్ను ప్రేమిస్తున్నావా
எனக்கு உங்களிடம் கேட்க சில கேள்விகள் உள்ளன,నాకు మీకు అడగడానికి కొన్ని ప్రశ్నలు ఉన్నాయి
உங்கள் தந்தை எங்கே இருக்கிறார்,మీ నాన్న ఎక్కడ ఉన్నారు
நீங்கள் எப்போது இந்தியா சென்றீர்கள்,మీరు ఎప్పుడూ భారతదేశానికి వెళ్ళారు
நான் உங்களைப் பற்றி கேள்விப்பட்டேன்,నేను మీ గురించి విన్నాను
நான் உன்னை எவ்வளவு விரும்புகிறேன் என்று உனக்குத் தெரியுமா,నేను నిన్ను ఎంతగా ప్రేమిస్తున్నానో నీకు తెలుసా
இங்கு நீங்கள் வேலை செய்கிறீர்களா,మీరు ఇక్కడ పని చేస్తారా
நீ ஏன் என்னிடம் பேசவில்லை,నువ్వు ఎందుకు నాతో మాట్లాడలేదు
நான் சிறிது நேரம் இங்கே இருந்தேன்,నేను కొద్దిసేపు ఇక్కడ ఉన్నాను
உனக்கு என்னை மறந்துவிட்டாயா,నువ్వు నన్ను మర్చిపోయావా
நான் உங்களுக்காக இதைச் செய்கிறேன்,నేను మీ కోసం ఇది చేస్తున్నాను
இந்த வேலை எவ்வளவு கடினம்,ఈ పని ఎంత కష్టం
நான் உங்கள் உதவியை மிகவும் வரவேற்கிறேன்,నేను మీ సహాయాన్ని నిజంగా అభినందిస్తున్నాను
இது எனக்கு மிகவும் புதிதானது,ఇది నాకు చాలా కొత్త
நான் உங்கள் பிறந்தநாளை மறக்கவில்லை,నేను మీ పుట్టినరోజు మరచిపోలేదు
நீங்கள் இதை எங்கு வாங்கினீர்கள்,మీరు దాన్ని ఎక్కడ కొనుగోలు చేశారు
உங்கள் சொந்த நாட்டிற்குத் திரும்ப விரும்புகிறீர்களா,మీ సొంత దేశానికి తిరిగి రావాలనుకుంటున్నారా
அவள் மிகவும் புத்திசாலியாக இருக்கிறாள்,ఆమె చాలా తెలివిగా ఉంది
நீங்கள் எதைச் செய்கிறீர்கள்,మీరు ఏమి చేస్తున్నారో
நான் இன்னும் திட்டம் செய்யவில்லை,నేను ఇంకా ప్రణాళిక చేయలేదు
இந்த வானிலை அழகாக இருக்கிறது,ఈ వాతావరణం అందంగా ఉంది
உங்களுக்கு குளிக்க விருப்பமா,మీరు స్నానం చేయాలనుకుంటున్నారా
இப்போது நீங்கள் என்ன செய்கிறீர்கள்,మీరు ఇప్పుడు ఏమి చేస్తున్నారు
இந்தப் பைக் உங்களுக்கு வேண்டுமா,ఈ బైక్ నీకు కావాలా
நீங்கள் எப்படி உணர்கிறீர்கள்,మీరు ఎలా ఫీల్ అవుతున్నారు
நீங்கள் எவ்வளவு நாளாக இங்கு இருக்கிறீர்கள்,మీరు ఎంతకాలం ఇక్కడ ఉన్నారు
இந்த வருடம் என்னவாக இருக்கிறது,ఈ సంవత్సరం ఏమిటి
எனக்கு இந்தப் புத்தகங்கள் மிகவும் பிடிக்கும்,నాకు ఈ పుస్తకాలు చాలా ఇష్టం
நீ இப்போது என்ன செய்கிறாய்,నువ్వు ఇప్పుడు ఏమి చేస్తున్నావు
இது எவ்வளவு விலையா,ఇది ఎంత ఖరీదు
நீங்கள் என்னிடம் இதை கூறியிருந்தால்,మీరు నాకు ఇది చెప్పి ఉండేరు
நீங்கள் என்னைப் பற்றி நினைக்கிறீர்களா,మీరు నా గురించి ఆలోచిస్తున్నారా
நான் உங்களுக்கு என்ன செய்ய வேண்டும்,నేను మీకు ఏమి చేయాలి
நீ எப்போது வீட்டிற்கு திரும்புகிறாய்,నువ్వు ఎప్పుడూ ఇంటికి తిరిగి వస్తావు
இந்தப் பெட்டி எங்கே இருந்து வந்தது,ఈ బాక్స్ ఎక్కడి నుంచి వచ్చింది
உங்கள் வேலைக்கு என்ன நேரம்,మీ పనికి సమయం ఎంత
தோல் அமைப்புமுறை மேம்படுத்த,చర్మ అభివృద్ధి
நடவடிக்கைகள் எண்ணிக்கை,దశల్లో సంఖ్య
மேலும் நிறுவனங்கள் எங்களுடன் ஏற்கனவே,మరింత కంపెనీలు మాతో ఉన్నారు
அவர் வயதாக இருக்கும்,అతను సంవత్సరాలు
சொல்லுங்கள் உங்கள் நண்பர்களுடன் பகிர்ந்து,మాకు తెలియజేయండి మరియు మీ స్నేహితులతో భాగస్వామ్యం
எனக்கு தெரியாது,నాకు తెలియదు
நாம் எப்போதும் உங்களுக்கு உதவ மகிழ்கிறோம் நன்றி,మేము ఎల్లప్పుడూ మీకు సహాయం సంతోషంగా ఉన్నాయి ధన్యవాదాలు
மேலும் வாசிக்க,మరింత చదవండి
தொலைபேசி,ఫోన్
ஷெல்லி நான் உங்களுக்கு என்ன செய்ய முடியும்,షెల్లీ నేను మీరు కోసం చేయవచ్చు ఏమి
மேலும் படிக்க,కూడా చదవండి
நீங்கள் எவ்வளவு சொன்னீர்கள்,మీరు ఎంత చెప్పావు
எப்போதும் நடந்ததில்லை,ఆ ఎప్పుడూ జరగలేదు
ஆனால் அங்கு நிறுத்த வேண்டாம்,కానీ అక్కడ ఆపడానికి లేదు
உங்களுக்காக நான் என்ன செய்ய முடியும்,నేను మీకు ఎలా సహాయపడగలను
ஏன் எப்படி யார் என்ன மூலம்,ఎందుకు ఎలా ఎవరు ఏమి ద్వారా
நீங்கள் உலகில் என்ன நினைக்கிறீர்கள்,మీరు ప్రపంచంలో ఏ ఆలోచిస్తే
நீங்கள் அவற்றை திரும்ப பெற என்ன செய்ய வேண்டும்,మీరు వాటిని తిరిగి పొందడానికి ఏమి చేయాలి
உம்முடைய இரட்சிப்பு உம்மிடத்தில் இருக்கிறது,నీవు ప్రజలందరి యెదుట సిద్ధం చేసిన
புதிய நீங்கள் அதை விரும்பவில்லை என நம்மை பின்பற்ற,కొత్త మీరు కావలసిన మాకు అనుసరించండి
அவ்யக்த தோற்றமற்ற அக்ஷர அழிவற்ற இதி இவ்வாறாக உக்த கூறப்படும் தம் அந்த ஆஹு அறியப்பட்ட பரமாம் பரம கதிம் கதி யம் எதை ப்ராப்ய அடைந்தபின் ந என்றும் இல்லை நிவர்த்தந்தே திரும்பி வருவது தத் அந்த தாம இருப்பிடம் பரமம் பரம மம எனது,అవ్యక్త వ్యక్తముకానిది అక్షర నాశములేనిది ఇతి ఆ విధముగా ఉక్త చెప్పబడినది తం అది ఆహు తెలియబడినది పరమాంగతిమ్ తుది గమ్యము యం దేనిని ప్రాప్య పొంది న నివర్తన్తే తిరిగిరారో తత్ అట్టి ధామ ధామము పరమం దివ్యమైనది మమ నా యొక్క
நாம் எப்போதும் உங்களுக்கு உதவ தயாராக உள்ளன,మేము ఎల్లప్పుడూ మీరు సహాయం సిద్ధంగా ఉన్నారు
எங்களுக்கு யார் நாங்கள் உங்களுக்கு என்ன செய்ய முடியும்,మాకు ఎవరు మేము మీరు కోసం చేయవచ్చు ఏమి
மற்றும்,మరియు
ஆனால் முதலில் அப்படி என்றால் என்ன,కానీ ముందుగా ఇది ఏమిటి
இப்பொழுது நாம் என்ன செய்ய,మేము ఇప్పుడు ఏమి
நான் ஏன் இதை செய்கிறேன்,ఎందుకు నేను ఇలా చేస్తున్నాను
நீங்கள் இங்கு மேலும் அறியலாம்,మీరు మరింత ఇక్కడ తెలుసుకోవచ్చు
எங்கே தொடங்க,ఎక్కడ మొదలు
அவர்களை இயேசு கொடு,వాటిని యేసు ఇవ్వండి
நீங்கள் அனைவரும் அனுபவித்தோம் என்று நம்புகிறோம்,మేము మీరు అన్ని ఆనందించారు ఆశిస్తున్నాము
அது கொண்ட வடிவம்,పదార్థం అది చేసే నుండి
நீங்கள் தேடியது இல்லையா எப்படி,మీరు కోరుకున్నది కాదా గురించి ఎలా
அதனால் நான் எப்படி செய்தேன்,నేను ఎలా చేసాను
அதை முயற்சி மற்றும் அனுபவிக்க,అది ప్రయత్నించండి మరియు ఆనందించండి
முகப்பு,హోమ్
டெல்,టెల్
நான் யார்,నేను ఎవరు
அமெரிக்காவில் இருந்து திரும்பிய,అమెరికా నుండి తిరిగి
சிரிக்க கூடாது முயற்சி,నవ్వు కాదు ప్రయత్నించండి
மிகவும் நன்றி,చాలా ధన్యవాదాలు
நீங்கள் இப்போது நீங்கள் செய்ய முடிந்தவை,మీరు ఇప్పుడు చేయవచ్చు
உங்களுக்கு தெரியப்படுத்துங்கள்,జస్ట్ మీకు తెలియజేయాలనుకుంటున్నాను
உங்கள் உதவிக்கு நன்றி,అన్ని మీ సహాయం ధన్యవాదాలు
இப்போது எங்களை அழைக்கவும்,ఇప్పుడు మాకు కాల్
முதல் பெயர் கடைசி பெயர்,మొదటి పేరు చివరి పేరు
நீயும் விரும்புவாய்,మీకు ఇది కూడా నచ్చవచ్చు
இது உதவும் என்று நான் நம்புகிறேன் வாழ்த்துகள்,ఇది సహాయపడుతుందని ఆశిస్తున్నాను అదృష్టం
எப்படி இது செயல்படுகிறது,ఇది ఎలా పనిచేస్తుంది
நன்றி வரவேற்கிறோம்,ధన్యవాదాలు మరియు స్వాగతం
நீங்கள் என்ன தேடுகிறீர்கள்,మీరు ఏమి చూస్తున్నారు
பிற,ఇతర
இது உதவும் என்று நான் நம்புகிறேன்,ఇది సహాయపడుతుందని ఆశిస్తున్నాను
மிகவும் நன்றி,నిజంగా చాలా ధన్యవాదాలు
நீங்கள் ஒரு பதில் வேண்டும் என்றால்,మీరు ఒక సమాధానం అవసరం ఉంటే
அடுத்த,తదుపరి
மிஸ்லாலோட் மிமீ முன்வார்ன்ட் வாம்பேஜ் எக்ஸ்லாஷ்,ప్రీఫెనెడ్ వాల్యూమ్ వెంట్రుక
இது மற்றும் அது,ఈ మరియు ఆ
நீங்கள் யாரை விரும்புகிறீர்களோ அதையே நீங்கள் தேடுகிறீர்கள்,ఎవరైతే మీరు మీరు కోరుకునేది ఇది అన్ని ఇక్కడ మొదలవుతుంది
எங்களுக்கு வாட்ஸப் தகவல் அனுப்ப,ఈ నెంబర్ పైన మాకు వాట్సాప్ చేయండి
தொலைநகல்,ఫ్యాక్స్
நீங்கள் ஏன் இன்னும் காத்திருக்கிறீர்கள்,ఎందుకు మీరు ఇంకా వేచి ఉన్నారు
தொடர்பு,సంప్రదించండి
உங்களுக்கு என்ன தேவை கிடைக்கவில்லையா,మీరు అవసరం ఏమి కనుగొనేందుకు లేదు
நான் எப்படி உங்களுக்கு உதவ முடியும்,నేను మీకు ఏవిధంగా సహాయపడగలను
சிறந்த முகப்பு வரவேற்கிறோம்,ఉత్తమ హోమ్ స్వాగతం
இது மிகவும் எளிதானது என்று நம்ப முடியவில்லையா,ఇది చాలా సులభం అని నమ్మలేకపోతున్నారా
வேடிக்கை,ఆనందించండి
நான் அதை விரும்புகிறேன் இன்னும் வரும்,నేను అది ప్రేమ
என்ன நீங்கள் இன்று நிச்சயமாகச் செய்ய விரும்புகிறீர்களா,మీరు ఈ రోజు ఏమి చెయ్యాలనుకుంటున్నారు
நீங்கள் அதை வாங்க வேண்டுமா,మీరు దానిని కొనుగోలు చేయాలి
நீங்கள் இன்னும் கேள்விகள் இருந்தால் நாம் இங்கே இருக்கிறோம்,మీరు మరిన్ని ప్రశ్నలు ఉంటే మేము ఇక్కడ ఉన్నారు
நான் எப்படி உதவ முடியும்,నేను ఎలా సహాయపడగలను
ஆ ஆ காத்திருக்க நான் இப்போது ஞாபகம்,ఆహ్ నేను ఇప్పుడు గుర్తు
இப்போது மிகவும் முக்கியமான,ఇప్పుడు చాలా ముఖ్యమైన
நன்றி,ధన్యవాదాలు
தொடங்குவதற்கு,ప్రారంభించండి
எங்களுக்கு உங்கள் உதவி தேவை,మాకు మీ సహాయం అవసరం
நீ கூட விரும்பலாம்,మీరు కూడా ఇష్టం ఉండవచ్చు
எந்த கேள்வி,ఏ ప్రశ్న
நாங்கள் யார்,మనం ఎవరము
உங்கள் பரிசுக்கு நன்றி,మేము మీ బహుమతులు కోసం ధన్యవాదాలు
உங்களை போன்ற எதையாவது நீங்கள் என்ன செய்கிறீர்கள்,మీరు వంటి ఏదో చూడండి ఉంటే మీరు ఏమి చేస్తారు
ஒன்று முக்கியம்,ఒక విషయం ముఖ్యం
தொலைபேசி,టెలిఫోన్
நாங்கள் வேலை வாய்ப்பு விரும்புகிறேன்,మేము మీతో పని అవకాశం ప్రేమ
அதை பற்றி எழுதப்பட்ட எல்லாம் உள்ளது,దాని గురించి వ్రాసిన ప్రతిదీ ఉంది
ஆனால் இந்த உண்மை இல்லை,కానీ ఈ ఏ నిజం ఉంది
தொலைபேசி,టెల్
நீங்கள் என்ன கண்டுபிடிக்க ஒருவேளை இங்கே இருக்கிறோம்,మీరు ఏమిటి కనుగొనేందుకు బహుశా ఇక్కడ ఉన్నాము
மிஸ்லாலோட் மிமீ முன்பிடித்த வால்யூம் நியூலேஷ் புதிய தொகுப்பு,మిస్లేలొడ్ ప్రీఫిన్డ్ వాల్యూమ్ వెంటెష్ న్యూ ప్యాకేజీ
இதை நான் உனக்கு உதவியாக இருக்கும் என நம்புகிறோம்,నేను ఈ మీరు సహాయం ఆశిస్తున్నాము
எங்களுக்கு தொடர்பு கொள்ள தயங்க நாம் எப்போதும் உங்களுக்கு உதவ தயாராக உள்ளன,మమ్మల్ని సంప్రదించండి సంకోచించకండి మేము ఎల్లప్పుడూ మీరు సహాయం సిద్ధంగా ఉన్నారు
உனக்கு என்ன ஆயிற்று ஏன் இந்த பயனர்பெயர்,ఏం మీరు తో తప్పు ఏమిటి ఎందుకు ఈ యూజర్పేరు
எவ்வளவு விரைவாக திருமணம் செய்ய விரும்புகிறீர்கள்,మీరు ఎంత వేగంగా వివాహం చేసుకోవాలనుకుంటున్నారు
நினைவில்,గుర్తుంచుకో
நாங்கள் எங்கே இருக்கிறாய்,ఎక్కడ మేము
என்ன நடந்தது,ఏం జరిగింది
பகடை,ఆయన చెప్పారు
மடம் என்ன ஆகிறது,ఒక మఠం ఏమిటి
மேலும் ஆஃப்,మరింత ఆఫ్
ஒருவேளை யாராவது எனக்கு உதவ முடியும்,ఎవరైనా నాకు సహాయం చేయగలరా
இந்த உண்மையில் ஒரு பெரிய செய்தி,ఈ నిజంగా ఒక గొప్ప సందేశం
நினைவில் கொள்க,దయచేసి గమనించండి
நாம் என்ன செய்ய வேண்டும்,మనము ఏమి చేద్దాము
அவள் உண்மையில் இந்த அனுபவிக்கிறாள்,ఆమె నిజంగా ఈ ఆనందాన్ని లేదు
நான் இப்போது அதை படிக்க வேண்டும்,నేను ఇప్పుడు అది చదవాలనుకుంటున్న
அதை எப்படி செய்வது,మీరు దీన్ని ఎలా చేస్తారు
சரி இது எதனால் முக்கியமானதாகக் கருதப்படுகிறது,అయితే ఇది ఎందుకు చాలా ముఖ్యమైనది
நாம் வித்தியாசமாக விஷயங்களை ஒரு பிட் செய்ய அந்த நாம் பிடிக்கும் வழி,మేము భిన్నంగా పనులు ఒక బిట్ మరియు మేము ఇష్టపడతారని మార్గం
ஆனால் அவன் அவளை எப்படி நிறுத்திவிடுவார்,కాని అతను ఆమె ఎలా ఆగిపోతుంది
ஏப்ரல்,ఏప్రిల్
ஹலோ நீ எப்படி இருக்கிறாய்,హలో మీరు ఎలా ఉన్నారు
நான் ஏன் கூட முயற்சிக்க வேண்டும்,ఎందుకు నేను కూడా ప్రయత్నించాలి
இளைஞன் ஆம் அது எனக்கு தெரியாது,మనిషి అదా నాకు తెలియదు
நாங்கள் உங்களுக்காக காத்திருக்கிறோம்,మేము మీకోసం వేచి ఉన్నాము
உங்களுக்கு இன்னொரு விஷயம் தெரியாது,మరో విషయం మీకు తెలియదు
நாம் கடவுளிடம் நேரடியாக செல்ல முடியும்,మేము దేవుని నేరుగా వెళ్ళవచ్చు
உங்கள் உதவி தேவை,మీ సహాయం కావాలి
ஏன் நீங்கள் எப்போதும் வேண்டும் என்று விரும்புகிறீர்கள்,ఎందుకు మీరు ఎల్లప్పుడూ కలిగి అనుకుంటున్నారు
எங்களை ஒத்துைழயுங்கள் கொள்ளவும்,మాకు సహకరించిన దయచేసి
நீங்கள் எந்த தேவை இருந்தால் எந்த நேரத்தில் எங்களை தொடர்பு,మీరు ఏ అవసరం ఉంటే దయచేసి ఏ సమయంలో మాకు సంప్రదించండి
எவ்வளவு பாக்கெட் பணம் இருக்க வேண்டும்,ఎంత జేబులో డబ్బు ఉండాలి
மோசமான இல்லையா,చెడు లేదు కుడి
முன்புதைந்த தொகுதி கண்ணிமை புதிய தொகுப்பு சுருட்டை,మిస్లేలొడ్ ప్రీఫిన్డ్ వాల్యూమ్ వెంటెష్ న్యూ ప్యాకేజీ
மணி நேரம்,గంట
செலீனா நான் உங்களுக்கு உதவலாமா,సెలీనా నేను మీరు సహాయం మే
எனினும் நல்ல வேலை,అయితే మంచి ఉద్యోగం
எப்படி நாம் கடவுள்மீது பரிசுகள் பயன்படுத்தவும்,మేము దేవుని కోసం మా బహుమతులు ఎలా ఉపయోగించగలను
இப்போது நீங்கள் நம்மை பின்பற்ற முடியும்,ఇప్పటి నుండి మీరు న మాకు అనుసరించండి మరియు చేయవచ్చు
நாங்கள் உதவ இங்கே இருக்கிறோம்,మేము సహాయం కోసం ఇక్కడ ఉన్నాము
ஆமாம் நீங்கள் என்ன பணம் சம்பாதிக்கிறீர்கள்,అవును మీరు పొందుతున్న దాని కోసం చెల్లించాలి
அதை செய்ய எப்படி,ఇది ఎలా చెయ్యాలి
நீங்கள் என்ன செய்ய விரும்புகிறீர்கள்,మీరు ఏమి చెయ్యాలనుకుంటున్నారు
இப்போது எங்களுக்கு அழைப்பு,ఇప్పుడు మాకు కాల్
இந்தக் கதை உங்கள் வாழ்க்கையை மாற்றலாம்,ఈ కథ మీ జీవితాన్ని మార్చగలదు
கடந்த நிமிடங்கள்,గత నిమిషాలు
நாம் யார் மற்றும் நாம் என்ன செய்கிறோம்,ఎవరు మేము మరియు మేము ఏమి
என்ன நீங்கள் கற்றுக்கொள்ளலாம்,మీరు ఏం తెలుసుకోవచ్చు
நீங்கள் மனித இருந்தால் சரிபார்த்து,మీరు మానవ ఉంటే తనిఖీ
மே,మే
எப்போதும் ஒரு தீர்வு இருக்கிறது,ఎల్లప్పుడూ ఒక పరిష్కారం ఉంది
நாங்கள் எப்படி உங்களுக்கு உதவ முடியும்,ఎలా మేము మీకు సహాయం చేయవచ్చు
பதில் மாறுபாடுகள் நேரம்,సమాధానం ఎంచుకోండి సమయం
அது ஒரு மாற்றம் இருக்கும்,ఇది ఒక మార్పు కోసం ఉంటుంది
ஒருவேளை அமைதி என் வாழ்நாளில் வரும்,బహుశా శాంతి నా జీవితకాలంలో వస్తాయి
நாங்கள் மீண்டும் எடுத்தோம்,మనం మళ్ళీ చేశాం
நான் மனங்களை வாசிக்க,నేను మనస్సులలో చదువుకోవచ్చు
கூடை இன்னும் காலியாக உள்ளது,బాస్కెట్ ఇంకా ఖాళీగా ఉంది
நான் என்ன செய்ய முடியும்,నేను ఏమి చెయ్యగలరు
எந்த கேள்வி கேட்டால் தயவு செய்து,ఏ ప్రశ్న ఉంటే దయచేసి
மேலும் விவரங்களுக்கு உங்கள் செய்தியை விட்டு அல்லது எங்களுக்கு மின்னஞ்சல் அனுப்ப மற்றும் நாம் மணி நேரத்திற்குள் தொடர்பு இருப்பேன்,మరిన్ని వివరాలకు దయచేసి మీ సందేశాన్ని వదిలి లేదా మాకు ఇమెయిల్ పంపండి మరియు మేము గంటల్లో టచ్ ఉంటుంది
பற்றி என்ன,గురించి ఏమిటి
என்ன தவறாக இருக்கும்,ఏమి తప్పు జరిగి ఉండవచ్చు
பின்பற்றி எங்களுக்கு என்றால் கொள்ளவும்,దయచేసి అనుసరించండి మరియు మాకు ఇష్టం
நீங்கள் ஆச்சரியப்பட்டிருக்கலாம்,మీరు ఆశ్చర్యపోవచ్చు
நாம் இந்த அர்த்தமென்னவென்று உனக்குத் தெரியுமா,మేము ఈ అర్థం ఏమి అర్థం లేదు
இது பிரச்சனை இல்லை,ఇది సమస్య కాదు
நாங்கள் மணி நேரத்திற்குள் தொடர்பு இருக்கும்,మేము గంటల్లో టచ్ ఉంటుంది
நீங்கள் எங்கள் தயாரிப்புகள் பற்றி மேலும் அறிய விரும்பினால் தயவு செய்து எங்களை தொடர்பு கொள்ளவும்,మీరు మా ఉత్పత్తులు గురించి మరింత తెలుసుకోవడానికి చెయ్యాలనుకుంటే దయచేసి మమ్మల్ని సంప్రదించండి
பிரச்சனை இல்லை நான் அவரை கூறினார்,సమస్య నేను అతనికి చెప్పారు
எங்களை அழைக்க,మా కాల్
ஏற்கனவே இருந்து நன்றி,ఇప్పటికే నుండి ధన్యవాదాలు
பின்னர் இது உனக்காக,అప్పుడు ఈ మీ కోసం
யாரும் எந்த வழியில் நீங்கள் ஏமாற்றி விட வ,ఎవరూ ఏ విధంగా మీరు మోసం లెట్
குடும்பத்திற்கு வரவேற்கிறோம்,ఈ కుటుంబానికి స్వాగతం
எங்கள் தயாரிப்புகள் பற்றி விசாரணைகள் தயவு செய்து எந்த நேரத்திலும் எங்களை தொடர்பு மற்றும் நாம் மணி நேரத்திற்குள் தொடர்பு இருக்கும்,మా ఉత్పత్తులు గురించి విచారణ కోసం దయచేసి ఏ సమయంలో మమ్మల్ని సంప్రదించండి మరియు మేము గంటల్లో టచ్ ఉంటుంది
அனைத்து அதே நாம் அனைவரும் இறக்க போகிறீர்கள்,ఒకే మేము అన్ని చనిపోయే వెళుతున్నారు
பின்னர் அதை நீங்கள் இங்கே செய்ய முடியும்,అప్పుడు మీరు ఇక్కడ అలా చేయవచ్చు
எனவே அங்கே எனவே அங்கே,కాబట్టి అక్కడ కాబట్టి అక్కడ
நீங்கள் என்ன செய்யக்கூடாது,మీరు ఏమి చేయకూడదు
விட,కంటే
நாம் சத்தியம் தைரியம்,మేము వాగ్దానం ధైర్యం
நாம் என்ன குடிக்கிறீர்கள் பானத்தை நிச்சயமாக,మేము ఏమి త్రాగు బీరును
அவன் நம்மைப் நடந்தது என்று தெரியும்,మరియు మేము అతను మాకు వచ్చింది తెలుసు
தகவலுக்கு அழைக்க,సమాచారం కోసం కాల్
கால் ஆதரவு,కాల్ మద్దతు
உடன் இயேசு,ఆడాడు యేసు
எனவே மீண்டும் உட்கார்ந்து,కాబట్టి తిరిగి కూర్చుని
நான் யாரோ போல் பார்க்கிறேன் இப்போது என்ன,నేను ఎవరో చూడండి ఇప్పుడు ఏమిటి
அதன் எளிதாக வெறும் படிகளில்,దీని సులభం కేవలం అడుగులు
உங்கள் அறையில் இருங்கள்,మీ గదిలో ఉండండి తర్వాత
எனவே இதை சரிசெய்ய ஏதாவது வழி இருக்கிறதா,సో ఈ పరిష్కరించడానికి ఏ మార్గం
விரைவில் நீங்கள் பார்க்க நம்புகிறேன்,వెంటనే మీరు ఆశిస్తున్నాము
தொடங்குக இது இலவசம்,ప్రారంభించడానికి ఇది ఉచితం
ஒரு உண்மையான மனிதன் ஐந்து இரகசியங்களை,ఒక నిజమైన వ్యక్తి యొక్క ఐదు రహస్యాలు
அதை நீங்கள் தேடும் என்ன கண்டுபிடிக்க முடியவில்லை தெரிகிறது ஒருவேளை உதவ முடியும் தேடி,ఇది మేము మీరు చూస్తున్న ఏమి దొరకదు తెలుస్తోంది బహుశా సహాయపడుతుంది శోధిస్తున్నారు
அங்கு நீங்கள் சந்திக்க எதிர்பார்த்து,మీరు అక్కడ కలిసే ముందుకు చూస్తున్న
நன்றி உங்கள் முறையாக,మీ సమయం కోసం
பதிப்புரிமை அனைத்து உரிமைகளும் பாதுகாக்கப்பட்டவை,కాపీరైట్ అన్ని హక్కులు ప్రత్యేకించబడ్డాయి
அடுத்த பக்கம்,తదుపరి పేజీ
உங்களை இங்கே பார்ப்பது மகிழ்ச்சி அளிக்கிறது,మిమ్మల్ని ఇక్కడ చూడటం చాలా బాగుంది
எங்களுடன் தொடர்பு கொள்ள வரவேற்கிறேன் நீங்கள் எந்த விசாரணை இருந்தால் எங்கள் அணி அனைத்து மணிநேரத்திற்குள் உங்களைத் கிடைக்கும்,మాతో సంప్రదించండి స్వాగతం మీరు ఏ విచారణ ఉంటే మా జట్టు అన్ని గంటల్లో మీతో అందుబాటులో ఉంటుంది
அந்த மனிதன் நீங்கள் நேசிக்கிறார் மற்றும் திருமணம் செய்ய வேண்டும் என்று எப்படி தெரியும்,ఎలా మీరు ఆ మనిషి మీరు ప్రేమిస్తున్న మరియు వివాహం కోరుకుంటున్నారు తెలుసు
எப்படி செய்வது என்று யாருக்காவது யோசனை இருக்கிறதா,ఎవరైనా ఎలా చేయాలో ఒక ఆలోచన ఉంది
எந்த உதவியும் உங்களுக்கு வழங்க முடியும்,మీకు ఏవైనా సహాయానికి ధన్యవాదాలు
நான் நிச்சயமாக என்று முயற்சிப்போம்,నేను ఖచ్చితంగా ఆ ప్రయత్నించండి ఉంటుంది
அல்லது இந்த மாதிரி ஏதாவது,లేదా ఈ వంటి ఏదో
நீங்கள் சரியான இடத்திற்கு வந்திருக்கிறீர்கள்,మీరు సరైన స్థానానికి వచ్చారు కంటే
இது சரியா அல்லது தவறா,ఇది నిజమా లేదా అబద్ధమా
ஒரே,మాత్రమే
ஆங்கில ஆண்டின் முதல் மாதம் செய்ய,జనవరి కు
உலகின் முதல்,ప్రపంచం మొదటిది
தொலைபேசி,అటువంటి
ஒன்றாக நாம் உயிர்களை காப்பாற்ற முடியும்,కలిసి మేము జీవితాలను సేవ్ చేయవచ్చు
டிசம்பர்,డిసెంబర్
இங்கிருந்து நாம் எங்கே செல்கின்றோம்,ఇక్కడ నుండి ఎటు వెళ్దాం
நாங்கள் ஏதாவது செய்து அதனைப் நடக்கும் தெரியும்,మేము ఏదో కట్టుబడి ఉన్నప్పుడు మేము అది జరిగే తెలుసు
நன்றி நான் பாராட்டுகிறேன்,ధన్యవాదాలు నేను అభినందిస్తున్నాను
உங்களுக்கு எவ்வாறு உதவலாம்,మేము మీకు ఏ విధంగా సహాయపడగలము
நாம் என்ன பேசுகிறோம்,మనం ఏమి గురించి మాట్లాడుతున్నాం
எங்களை அழைக்கவும்,మాకు కాల్
அடுத்த,తరువాత
நாங்கள் உங்களுக்கு என்ன வேண்டும் கண்டறிவது வேண்டும்,మేము మీరు అవసరం ఏమి గుర్తించడం చేస్తాము
அட்டை எண் மாதம் ஆண்டு காலாவதியாகும் தேதி பாதுகாப்பு கோட் அட்டைதாரர் பெயர்,కార్డ్ సంఖ్య నెలలు సంవత్సరము గడువు తేదీ సెక్యూరిటీ కోడ్ కార్డుదారుడు పేరు
யாராவது எனக்கு உதவ முடியுமா,ఎవరైనా నాకు సహాయం చేయగలరా
எப்போதும் ஒரு மகிழ்ச்சியான முடிவை நேசிக்கிறேன்,ఎల్లప్పుడూ ఆనందకరమైన ముగింపుని ప్రేమిస్తాను
ஏன் எங்களை தேர்வு செய்தாய் உங்களுக்காக நாங்கள் என்ன செய்ய முடியும்,మమ్మల్ని ఎందుకు ఎంచుకున్నావు మరియు మీ కోసం మేము ఏమి చేయవచ్చు
யார் நாங்கள்,మనం ఎవరము
ஆண்டுகள்,సంవత్సరాల
மன்னிக்கவும் நான் மிகவும் குறைவாக தெரியும்,క్షమించాలి నేను చాలా తక్కువ తెలిసిన
நீளம் நீ விரும்பும் நீளம் எழுது,పొడవు దయచేసి మీకు కావలసిన పొడవును వ్రాయండి
சுமை உன்னுடையது அல்ல,భారం మీది కాదు
ஜூன்,జూన్
நீங்கள் கடன் உங்கள் கே,మీరు రుణం ఉండాలి మీ
பக்கம் இருந்து,పేజీ నుండి
கைகளில் சேர மற்றும் முன்னெடுக்க ஒன்றாக வேலை,చేతులు చేరండి మరియు ముందుకు కలిసి పని
டிசம்பர் ஜனவரி பிப்ரவரி மார்ச் ஏப் மே ஜூன் இன்று ஆகஸ்ட் செப்டம்பர் அக் நவ,మే సెప్టెంబర్
இன்று உங்கள் நண்பர்களிடம் சொல்லுங்கள்,ఈ రోజు మీ స్నేహితులకు చెప్పండి
இந்த உண்மையில் எனக்கு உதவியது,ఈ నిజంగా నాకు సహాయం
ஒரே மெட்டில் கூறினார்,తెలివైన వ్యక్తి ఒకసారి చెప్పారు
நீங்கள் தேடுவது கிடைக்கவில்லையா,మీరు వెతుకుతున్నది దొరకలేదా
நாம் இல் நிறுவப்பட்ட,మేము లో స్థిరపడ్డాయి
பிரச்சனை என்னவென்றால்,సమస్య ఏమిటంటే
அதே கொள்கை,అదే విధానం
இப்போது நிறுத்த வேண்டாம்,ఇప్పుడు ఆపవద్దు
நான் உண்மையில் குறிகாட்டிகளை விரும்புகிறேன்,నేను నిజంగా ఇండికేటర్లను ఇష్టపడుతున్నాను
யா என்று ஒரு மோசமான யோசனை மனிதன் என்பதை நாங்கள் அறிய,య ఒక చెడు ఆలోచన వ్యక్తి కాదు తెలుసు
அடுத்து,తర్వాత
இந்த நான் தேவை என்ன,ఈ నేను అవసరం ఏమిటి
நிறுவனங்கள் பற்றி முகவரிகள் மற்றும் விமர்சனங்களை,చిరునామాలు మరియు సంస్థలు గురించి సమీక్షలు
எல்லாம் மிகவும் தீவிரமாக என்றால்,ప్రతిదీ చాలా తీవ్రంగా ఉంటే
எங்களுக்கு விட்டு நாம் உள்ள தொடர்பு இருக்கும் கொள்ளவும்,మాకు వదిలి మరియు మేము లోపల టచ్ ఉంటుంది దయచేసి
இங்கே அது செல்கிறது,ఇక్కడ అది వెళ్తుంది
உங்கள் குழந்தைகள் ஏன் தினமும் படிக்க வேண்டும்,మీ పిల్లలు ప్రతి రోజూ ఎందుకు చదవాలి
நான் இந்த நல்ல வாசிப்பு உங்களுக்கு நன்றி சொல்ல வேண்டும்,నేను ఈ మంచి చదువు కోసం మీరు వందనాలు
அடுத்து பக்கம்,తర్వాత పేజీ
எனவே நாங்கள் மீண்டும் அதை செய்தோம்,కాబట్టి మేము మళ్ళీ చేసాము
மிகவும் எளிதானது சாத்தியமற்றது,చాలా సులభం అసాధ్యం
நீங்கள் விரும்பக்கூடிய,మీరు కూడా ఇష్టం ఉండవచ్చు
திறந்த,తెరువు
உங்கள் உணவை உண்டு,మీ భోజనం ఆనందించండి
நிக்லஸ்,నిక్లాస్
நாம் உலக இருந்து வளர்ந்து உதவ,మేము ప్రపంచ నుంచి పెరుగుతున్న సహాయం
எப்படி பதில் இல்லை,ఎలా సమాధానం కాదు
நாங்கள் எப்போதும் உங்கள் சிறந்த பங்காளியாக இருக்கிறோம்,మేము ఎల్లప్పుడూ మీ ఉత్తమ భాగస్వామి
எங்களுக்கு தெரியப்படுத்துங்கள் நாங்கள் உதவ மகிழ்ச்சியாக இருக்கிறோம்,మాకు తెలియజేయండి మేము సహాయం సంతోషంగా ఉన్నాము
நீங்கள் என்ன செய்ய வேண்டும்,మీరు అసలు ఏమి చేయాలి
ஆனால் ஒரு என்ன,కానీ ఏమి
நாம் நமது விளையாட்டு கணக்கு செய்த ஒரு சோதனை பார்க்க முடியும் நாங்கள் எங்கள் கருவி வழக்கம் சேர்க்க முத்துக்கள் தங்கம் உணவு மரம் ஸ்டோன்,క్రింద మీరు మేము మా ఆట ఖాతా లో చేసిన ఒక పరీక్ష చూడగలరు మేము మా సాధనం ఉపయోగిస్తారు అంచేత ముత్యాల బంగారం
அது அழகான தந்தையர்கள் வரும்போது,అది అందమైన తండ్రులు వచ్చినప్పుడు
ஆனால் அது அவ்வளவு எளிதாக இல்லை,కానీ అది అంత సులభం కాదు
பதிவேறுகிறது காத்திருக்கவும்,లోడ్ అవుతోంది దయచేసి వేచి ఉండండి
எங்களுக்கு சில ஆலோசனைகளை கொடுங்கள்நாம் நன்றாக இருப்போம்,మాకు కొన్ని సూచనలు ఇవ్వండిమేము మంచిగా వుంటాము
ஏன் அது என்ன செய்கிறது,ఎందుకు పట్టింపు లేదు
மிக நன்று செலுத்த வேண்டும்,అద్భుతమైన చెల్లించే
நீங்கள் எந்த கேள்விகள் இருந்தால் முதல் அடிக்கடி கேட்கப்படும் கேள்விகள் சரிபார்க்கவும்,మీరు ఏ ప్రశ్న ఉంటే మొదటి తనిఖీ చేయండి
நன்கொடை மொழிபெயர்ப்பு,ఏ సహాయం దయచేసి
நான் உங்கள் செருகுநிரல் நேசிக்கிறேன்,నేను మీ ప్లగ్ఇన్ ప్రేమ
அனைத்து இந்த எந்த அர்த்தமும் இல்லை,ఈ ఏ కోణంలో ఉంది
நாம் அது வேலை ஆழமான உள்ளன,మేము అది పని వద్ద లోతైన ఉంటాయి
நான் இந்த ஆதரவாக இருக்கிறேன்,నేను ఈ అనుకూలంగా ఉన్నాను
அடுத்த மணி அடுத்த நாட்களுக்கு அடுத்த நாட்களுக்கு அடுத்த நாட்களுக்கு,తదుపరి గంటలు తదుపరి రోజులు తదుపరి రోజులు తదుపరి రోజులు
இது போல் தோன்றுகிறது,ఈ కనిపిస్తోంది
பெயர் க்கும் குறைவாகவும் க்கும் குறைவாகவும் இருக்க வேண்டும்,పేరు కంటే ఎక్కువ మరియు అక్షరాల కంటే తక్కువగా ఉండాలి
நாங்கள் பயணிக்க வேண்டிய நேரம் இதுவல்லவா,మేము ప్రయాణించడానికి ఇది సమయం కాదా
வணக்கம் நான் உங்களுக்கு எப்படி உதவ முடியும்,నమస్కారం నేను మీకు ఎలా సహాయం చేయగలను
ஆனால் பின்னர் இன்னும் நான் நினைக்கிறேன் நான் தவறு,కానీ ఇప్పటికీ నేను తప్పు అనుకుంటున్నాను
நீங்கள் ஒரு ரசீது விரும்புகிறீர்களா,మీరు ఒక రసీదును అనుకుంటున్నారు
மட்டும் தந்தை பதிலளித்தார்,మాత్రమే తండ్రి సమాధానం చెప్పాడు
நான் காலப்போக்கில் செய்வேன்,నేను సమయం లో చేస్తాను
வெளியிடப்பட்ட,ప్రచురణ
நீங்கள் இங்கே செய்ய முடிந்த விஷயங்கள்,మీరు ఇక్కడ చేయవచ్చు విషయాలు
ஜனவரி பிப்ரவரி மார்ச் ஏப் மே ஜூன் இன்று ஆகஸ்ட் செப்டம்பர் அக் நவ டிசம்பர்,మే సెప్టెంబర్
எதற்கு,ఎందుకు
மேலும் பயணம் செய்து அதைப் பற்றி நன்றாக உணருங்கள்,మరింత ప్రయాణించండి మరియు దాని గురించి మంచి అనుభూతి
இப்போது அது சாத்தியம் ஆகிறது,ఇప్పుడు అది సాధ్యమే
இது ஏன் நடந்தது என்று,ఎందుకు ఈ జరుగవచ్చు
நீ விரும்பும் நீளம் எழுதவும்,దయచేసి మీకు కావలసిన పొడవును వ్రాయండి
கடவுள் உன்னை நேசிக்கிறார்,దేవుని మీరు ప్రేమిస్తున్న
இப்பொழுது நாம் என்ன செய்ய,మేము ఇప్పుడు ఏమి చేస్తారు
அன்று மூலம் நிர்வாகம்,పోస్ట్ చేసిన తేదీ ద్వారా అడ్మిన్
நாங்கள் கேட்க விரும்புகிறோம்,మేము మీ నుండి వినడానికి మేము ఇష్టపడతాము
நீங்கள் எங்களுக்கு உதவ முடியும்,మీరు మాకు సహాయం చేస్తుంది
நான் யோசித்து நான் கூட உங்களுக்கு உதவ முயற்சிக்க வேண்டும்,నేను చేస్తున్నాను నేను కూడా మీరు సహాయం ప్రయత్నించాలి
பார்வையாளர்கள்,ప్రేక్షకులు
யாராவது உண்மையை தெரிந்து கொள்ள விரும்பவில்லை என்றால்,ఎవరైనా మాకు నిజం తెలుసు కోరుకోలేదు ఉంటే
நீ இங்கே இருக்கிறாய்,మీరు ఇక్కడ ఉన్నారు
நாம் ஏன் கடவுளுக்கு அஞ்ச வேண்டும்,మనం దేవునికి ఎందుకు భయపడాలి
இப்போது நான் எங்கும் இருக்கிறேன்,ఇప్పుడు నేను ఎక్కడా
மில்லியன்,మిలియన్
நற்பேறு போகும் எப்படி எனக்கு அனுமதிக்க,అదృష్టం మరియు అది వెళ్తాడు ఎలా నాకు తెలపండి
அது மிகவும் எளிது,ఇది చాలా సులభం
உங்கள் வழி இதுவரை இல்லை,మీ మార్గం ఇప్పటివరకు ఉంది
பிடித்து கொள் பிடித்து கொள்,అప్ పట్టుకోండి పట్టుకొని
அவர் புரிந்து என்னை தெரியும் என்று,అతను అర్థం మరియు నాకు తెలుసని
நீங்கள் பதில்களைத் தேடுகிறார்களா சிக்கலைத் தீர்க்க விரும்புகிறீர்களா அல்லது நாங்கள் எப்படி செய்தோம் என்பதை அறிய விரும்புகிறோம் இங்கே எங்களை தொடர்பு கொள்ள பல வழிகளைக் காணலாம்,మీరు సమాధానాల కోసం వెతుకుతున్నా సమస్యను పరిష్కరించాలని కోరుకున్నా లేదా మేము ఎలా చేయాలో మాకు తెలియజేయాలనుకుంటున్నాము ఇక్కడే మమ్మల్ని సంప్రదించడానికి మీకు అనేక మార్గాలు ఉన్నాయి
வரவேற்கிறோம்,స్వాగతం
இப்போது எங்களை அழைக்க,ఇప్పుడు మా కాల్
தங்களின் நேரத்திற்கு நன்றி,ధన్యవాదాలు మీ సమయం కోసం
அது மட்டும் அல்ல,అదొక్కటే కాదు
அவற்றில் சிலவற்றைச் சரிபார்க்கவும்,వాటిలో కొన్ని తనిఖీ చేయండి
உங்கள் பாதுகாப்பு மற்றும் பாதுகாப்பு பாதுகாக்க,మీ రక్షణ మరియు భద్రతా రక్షించండి
எங்கள் விளம்பரதாரர்கள் மற்றும் பங்குதாரர்கள்,మా ప్రాయోజకులు భాగస్వాములు
எனக்கு வார்த்தைகள் அனுப்பவும்,నాకు పదాలు పంపండి
அதிக தகவல்கள் தொடர்பு கொள்ள தயங்க வேண்டாம் நன்றி,మరింత సమాచారం మాకు సంప్రదించడానికి సంకోచించకండి దయచేసి ధన్యవాదాలు
முற்றிலும்,పూర్తిగా
மொத்தம் சராசரி,మొత్తం సగటు
யாராவது இதை எப்படி சரிசெய்வது என்று தெரியுமா,దీనిని ఎవరైనా ఎలా పరిష్కరించాలో తెలుసా
வணக்கம் மற்றும் வரவேற்கிறேன்,హలో మరియు స్వాగతం
முழு விவரங்களையும் காண்க,పూర్తి వివరాలు చూడండి
அறிக்கைகள் அவர்கள் என்ன சொல்கிறார்கள்,నివేదికలు వారు నాతో ఏమి చెబుతారు
எங்கள் வீடியோக்களை நீங்கள் அனுபவிக்க நம்புகிறேன்,మీరు మా వీడియోలను ఆనందిస్తారని ఆశిస్తున్నాము
எனவே தயவுசெய்து காத்திருந்து உங்கள் நண்பர்களிடம் சொல்லுங்கள்,కాబట్టి దయచేసి వేచి ఉండండి మరియు మీ స్నేహితులకు చెప్పండి
நன்றி உங்கள் முறையாக,ధన్యవాదాలు మీ సమయం కోసం
எப்படி இது செயல்படுகிறது,అది ఎలా పని చేస్తుంది
அவர் பல ஆண்டுகளுக்கு முன்பு இருந்ததை அதனால்,అతను అది చాలా సంవత్సరాలు క్రితం కాబట్టి
எடை,బరువు
நான் அங்கு இருந்தேன் நீங்கள் அற்புதமான இருந்தன,నేను అక్కడ ఉన్నాను మీరు అద్భుతంగా ఉన్నాయి
நான் ஒரு கடவுளை கொன்றேன்,నేను ఒక దేవుడు చంపాను
என்ன பிரச்சினை இருக்க முடியும்,ఏం సమస్య కావచ్చు
மக்கள் என்ன சொல்கிறார்கள் என்று பார்க்கவும்,ప్రజలు ఏమంటున్నారు చూడండి
நன்றி உங்கள் நேரத்தை நாங்கள் பாராட்டுகிறோம்,ధన్యవాదాలు మేము మీ సమయం అభినందిస్తున్నాము
மிஸ்லாமாட் மிமீ முன்வார்ம்யூம் கண்ணி சி சுருக்கம் புதிய தொகுப்பு பிசிக்கள்,మిస్లేలొడ్ ప్రీఫెకెన్డ్ వాల్యూమ్ వెంటెష్ సి కరల్ న్యూ ప్యాకేజీ
கேள்வி கேள்,ఒక ప్రశ్న అడగండి
உங்களுக்காக சிலவற்றை எடுத்தோம்,మేము మీ కోసం కొందరిని ఎంపిక చేసుకున్నాము
எங்களை அணுகவும் வரவேற்கிறோம் நாங்கள் உங்களுக்கு உதவ எங்கள் சிறந்த செய்வேன்,మాకు సంప్రదించండి స్వాగతం మేము మీకు సహాయం మా ఉత్తమ చేస్తాను
நான் இந்த ஒரு பெண் மீது நீங்கள் மிகவும் இருக்கிறேன்,నేను ఈ ఒక అమ్మాయి మీరు తో అలా
பார்வையாளர்கள்,వీక్షకులు
நீங்கள் ஏதேனும் கேள்விகள் அல்லது எந்த ஆலோசனைகள் இருந்தால் தாவல் உதவி பயன்படுத்த,మీరు ఏవైనా ప్రశ్నలు లేదా ఏ సలహాలను కలిగి ఉంటే టాబ్ సహాయం ఉపయోగించండి
பால் சொல்வதைக் கேளுங்கள்,పాల్ చెప్పే వినండి
நாங்கள் ஏன் சிறந்தவர்கள்,మేము ఎందుకు ఉత్తమంగా ఉన్నాము
ஆரம்ப சேவை மற்றும்,ప్రారంభ సేవ మరియు
நாம் யார்,ఎవరు మేము ఉంటాయి
நீங்கள் எவ்வாறு விண்ணப்பிக்க வேண்டும்,ఎలా మీరు వర్తిస్తాయి
எவ்வளவு நேரம் வேலை செய்ய நேரம் ஆகும் அது நாட்கள் ஆகும்,అది పని ఎంత సమయం పడుతుంది ఇది రోజులు పడుతుంది
ஏதோ தவறு நடந்துவிட்டது,ఏదో తప్పు జరిగింది
ஒரு கேள்வியை கேளுங்கள் மற்றும் பதில் கிடைக்கும் ஆம் அல்லது எந்த,ఒక ప్రశ్న అడగండి మరియు సమాధానాన్ని పొందండి అవును లేదా ఏ
நாங்கள் எங்கள் விளம்பரதாரர்கள் நன்றி பார்க்க விரும்புகிறேன்,మేము మా స్పాన్సర్లు ధన్యవాదాలు అనుకుంటున్నారా
உங்களிடம் ஏதேனும் கேள்விகள் இருந்தால் எங்களுக்குத் தெரியப்படுத்துங்கள்,మీకు ఏవైనా ప్రశ్నలు ఉంటే మాకు తెలియజేయండి
உங்கள் எண்ணத்தை மாற்றவும்,మీ ఆలోచనను మార్చుకోండి
ஏன் மனிதன் தன்னை காத்திருக்க வேண்டும்,ఎందుకు మీరు మనిషి తనకు వేచి ఉండాలి
நாங்கள் உங்களுக்கு சிறந்த வழங்க தயாராக உள்ளன,మేము మీరు ఉత్తమ అందించే సిద్ధంగా ఉన్నారు
ஆனால் இரண்டு பெரிய பிரச்சினைகள் உள்ளன,కానీ రెండు సమస్యలు ఉన్నాయి
இன்றைக்கு நாளை மற்றும் எப்போதும்,ఈ రోజుకు రేపు మరియు ఎల్లప్పుడూ
அதை இங்கே பார்க்கலாம்,దాన్ని ఇక్కడ చూడగలరు
இது உங்களுக்கு முதல் தடவையா,ఇక్కడకు రావటం మీకిదే మొదటిసారా
நீங்கள் இந்த தொடர்பான எந்த பிரச்சினை அல்லது கேள்வி இருந்தால் இணையதளம்,మీరు ఈ సంబంధించి ఏ సమస్య లేదా ప్రశ్నను కలిగి ఉంటే వెబ్సైట్
உங்கள் வீட்டில் உங்கள் வீட்டில்,మీ ఇంటి వద్ద మీ తలుపు వద్ద
நான் மாற்ற வேண்டிய சில விஷயங்கள் கிடைத்தது,నేను మార్చడానికి కొన్ని విషయాలు వచ్చింది
என்ன இப்போது,ఏమి ఇప్పుడు
பணியாற்ற மே,డెలివరీ సమయం రోజుల
ஏப் மே ஜூன் இன்று ஆகஸ்ட் செப்டம்பர் அக் நவ டிசம்பர் ஜனவரி பிப்ரவரி மார்ச்,మే సెప్టెంబర్
வணக்கம் நாங்கள் திறந்தோம்,హలో మేము తెరిచినవి
கேள்விகள் கவலைகள் மற்றும் கருத்துகள் அனைத்து வெல்கம் நாங்கள் எங்கள் வாசகர்களிடம் இருந்து கேட்டு நேசிக்கிறேன்,ప్రశ్నలు ఆందోళనలు మరియు వ్యాఖ్యలు అన్ని స్వాగతం ఉంటాయి మేము మా రీడర్లకు నుండి విన్న ప్రేమ
டூர் குறியீடு,టూర్ కోడ్
அவர் என்னை சேமித்தவுடன் விட,అతను నాకు సేవ్ ఒకసారి కంటే
என்னை ஞாபகம் வைத்து கொள்,నన్ను గుర్తు పెట్టుకో
நீங்கள் செல்லலாம் வேண்டும் விஷயங்கள்,మీరు కేవలం వెళ్ళి వీలు అవసరం విషయాలు
நீங்கள் என்னை சிரிப்பதற்கு இணையாக பார்த்த,మీరు నాకు చూసిన
உங்கள் எதிர்காலத்தில் யார் இருக்கிறார்கள்,మీ భవిష్యత్తులో ఎవరు ఉన్నారు
நன்றி அனைவருக்கும் நீங்கள் செய்ய,అన్ని ధన్యవాదాలు మీరు
எங்களை தொடர்பு கொள்ளவும்,మమ్మల్ని సంప్రదించండి
ஒரு பெண் என்னிடம் சொன்னபோது நான் வந்திருந்ததை உணர்ந்தேன்,ఒక అమ్మాయి నాకు చెప్పినప్పుడు నేను వచ్చానని గ్రహించాను
அது மிகவும் வித்தியாசமானது நான் இந்த உண்மையை என்ன செய்ய முடியும் நிச்சயமாக இல்லை,ఇది చాలా విచిత్రమైనది నిజాయితీగా ఈ కారణం కావచ్చు ఏమి ఖచ్చితంగా తెలియదు
நான் எந்த கேள்விகளுக்கு இருந்தால் நான் யாரிடம் தொடர்பு கொள்ள வேண்டும்,నేను ఏ ప్రశ్నలను కలిగి ఉంటే నేను ఎవరిని సంప్రదించాలి
நாங்கள் உன்னை விரும்புகிறேன்,మేము మీకు ఇష్టం
ஏன் என்னை கட்டுப்படுத்த முயற்சி,ఎందుకు మీరు ఎల్లప్పుడూ నాకు నియంత్రించడానికి ప్రయత్నిస్తున్న
நீ கூட விரும்பலாம்,మీరు కూడా ఇష్టపడవచ్చు
திருமணம் செய்து கொள்ள சத்தியத்தை,వివాహం లేదు వాగ్దానం
வாக்குகள் சராசரி வெளியே,ఓట్లు సరాసరి బయటకు
அவளுக்கு அது பிடிக்கவில்லை பிறகு ஏன் அவள் மிகவும் அமைதியாக இருக்கிறது,ఆమె అది ఇష్టం లేదు అప్పుడు ఎందుకు ఆమె మౌనంగా ఉంది
நாட்கள் மற்றும் நாட்கள் ஆஃப்,రోజులు మరియు రోజులు
நம்மால் என்ன செய்ய முடியும்,మేము ఏమి చెయ్యగలరు
நான் உண்மையில் நீங்கள் எனக்கு உதவ முடியும் ஒரு விஷயம்,నేను నిజంగా మీరు నాకు సహాయం చేయగలరు ఒక విషయం కలిగి
எங்கள் புதிய இணையதளம் வரவேற்கிறோம்,మా కొత్త వెబ్సైట్ కు స్వాగతం
ஏன் இந்த பெயர்,ఎందుకు ఈ పేరు
நீங்கள் உண்மையிலேயே முன்னோக்கி நகர்த்த தயாராக இருக்கிறேன்,మీరు నిజంగా ముందుకు తరలించడానికి సిద్ధంగా అనుభూతి
வெற்று வார்த்தைகள் மற்றும் மதங்கள் போன்ற இந்த வீழ்ந்த ஆத்மாக்கள் அவர்களுக்கு வாழ்வாதாரமாக சேவை செய்கின்றன வேத ஞானத்தின் போதனைகள் அவர்களின் தொழில் அவர்கள் வாக்குறுதிகளை நிறைவேற்றுவதில் இருந்து விழுந்துவிட்டு மது மற்றும் இறைச்சி உள்ளிட்ட பிற அருவருப்பான பொருட்களை விற்கிறார்கள் அவர்கள் இயற்கையால் கொடூரமானவர்கள் மற்றும் அவர்களின் வயிறு மற்றும் பாலினத்தை திருப்திப்படுத்துவதில் தீவிரமானவர்கள் இந்த காரணத்திற்காக அவர் பெண்களுக்காக ஏங்குகிறார் எப்போதும் குடிப்பார் நேப் எக்ஸ்என்யூஎம்எக்ஸ்,ఈ బంధువులందరూ యుగం యొక్క అవతారం యొక్క ప్రతినిధులు కాళి త్యాగాలు మతపరమైన ఆచారాలు వేదాల జ్ఞానం మరియు దయను నాశనం చేసేవారు ఎందుకంటే వారు వేద మతం యొక్క అన్ని సూత్రాలను ఉల్లంఘించారు అవి మనస్సు అనారోగ్యం వృద్ధాప్యం మత సూత్రాలను నాశనం చేయడం విచారం విలపించడం మరియు భయం కాశీ యొక్క ఈ వారసులు కాశీ రాజ్యంలో తిరుగుతూ ప్రజలందరికీ బాధ కలిగిస్తారు అలాంటి వ్యక్తులు సమయం యొక్క ప్రభావాలతో మోసపోతారు వారి స్వభావంలో చాలా చంచలమైనవారు తీవ్రమైన కోరికలతో నిండి ఉంటారు అపారమైన పాపాత్మకమైనవారు గర్వంగా మరియు క్రూరంగా తమ సొంత తండ్రులకు మరియు తల్లులకు కూడా అలాగే రెండుసార్లు జన్మించినవారు ఆధ్యాత్మికంగా ప్రారంభించినవారు మంచి ప్రవర్తనను కలిగి ఉండరు సరైన సూత్రాలను పాటించకుండా మరియు ఎల్లప్పుడూ తక్కువ తరగతుల సేవలో ఉంటారు నాప్
நான் உன்னை மிகவும் விரும்புகிறேன்,నేను నిజంగా మీకు ఇష్టం
நாம் தொடங்க வேண்டும்,మేము ప్రారంభం కావాలి
ஆனால் சில சாத்தியமான நல்ல செய்தி உள்ளது,కానీ కొన్ని సాధ్యం శుభవార్త ఉంది
உங்கள் சொந்த ஐ உருவாக்குங்கள்,మీ స్వంత ఎక్స్పెవెన్టిన్ చేయండి
பைபிள் கூறுகிறது,బైబిలు ఇలా చెబుతోంది
எங்களால் முடிந்தது,ఇప్పుడే మేము మళ్ళీ చేశాం
ஜூலை இல் மீது,జూలై వద్ద ఉదయం
தொடங்கத் தயாரா,ప్రారంభించడానికి సిద్ధమా
ஆனால் அது வழி இருக்க வேண்டும்,కానీ ఆ విధంగా ఉండాలి లేదు
நீங்கள் இன்னும் விவரங்களைக் காண விரும்புகிறீர்களா,మీరు మరిన్ని వివరాలను చూడాలనుకుంటున్నారా
சி டாக் அனைத்து உரிமைகளும்,సర్వ హక్కులు సిడాక్ కు రిజర్వు చేయబడినవి
என்ன அது,ఇది ఏమిటి
கால் ஆதரவு தொலைபேசி,కాల్ మద్దతు ఫోన్
அப்பாவி தயவு செய்து தேர்வு கோப்பை,దయచేసి ఎంచుకోండి హౌస్
நாம் உலக இருந்து வளர்ந்து உதவ,మేము ప్రపంచ నుంచి పొందాయి సహాయం
தி முதல் சிக்கல் செலவாகும்,ది మొదటి సమస్య ఖర్చు
கவனமாக இருங்கள் அது படிக்க வேண்டும்,జాగ్రత్తగా ఉండండి అది తప్పక చదవండి
ரோமன்,రోమన్
அது வேலை செய்யவில்லை,అది పని చేసింది
நீங்கள் அது நடக்காது என்று சொல்லலாம்,మీరు అది జరగలేదు అని చెబుతాను
தமிழ்,తెలుగు
ஊழியர் கற்பிக்கிறது ஏன் மற்றும் மட்டும் எப்படி,ఉద్యోగులు నేర్పండి ఎందుకు మరియు కేవలం ఎలా
தொலைபேசி,ఫోన్
உங்களுக்கு உதவ முடியும் என்பதைக் காண்க,మేము మీకు ఎలా సహాయపడతామో చూడండి
சர்வதேச,అంతర్జాతీయ
உங்களிடமிருந்து கேட்க நாங்கள் விரும்புகிறோம்,మేము మీ నుండి వినడానికి ఇష్టపడతాము
இது எப்படி வேலை செய்கிறது,ఇది ఎలా పని చేస్తుంది
இந்தியா,భారత్
மிஸ்லாடோட் பிசிக்கள் கர்ல் ஃப்ளாட் கண்ணிஷ் நீட்டிப்பு,మిస్లాండోడ్ లు కర్ల్ ఫ్లాట్ వెంట్రుష్ ఎక్స్టెన్షన్
ஆம் எனக்கு ஏற்கனவே உள்ளது,అవును నాకు ఇప్పటికే ఉంది
திறந்தது,ఓపెన్
நீங்கள் என்னுடன் இருக்கிறீர்களா,మీరు నాతో ఉన్నారా
டிக்கெட் தொடக்கம்,టికెట్లు వద్ద ప్రారంభించండి
நீங்கள் தொடங்க வேண்டிய அனைத்தும்,మీరు ప్రారంభించడానికి అవసరమైన ప్రతిదీ
அனைத்து உரிமைகளும் பாதுகாக்கப்பட்டவை,అన్ని హక్కులూ ప్రత్యేకించుకోవడమైనది సర్వస్వామ్య రక్షితం
அனைவருக்கும் நல்ல அதிர்ஷ்டம்,అందరికీ అదృష్టం
பதிப்புரிமை உள்ளடக்கப்பட்டுள்ளன வீட்டு வசதி நிதி லிமிடெட் அனைத்து உரிமைகளும் பாதுகாக்கப்பட்டவை,కాపీరైట్ హౌసింగ్ ఫైనాన్స్ లిమిటెడ్ అన్ని హక్కులూ ప్రత్యేకించబడినవి
இந்த நிச்சயமாக நான் அதை விரும்பவில்லை வழி அல்ல ஆனால் இப்போது அது இருக்க வேண்டும்,ఈ ఖచ్చితంగా నేను కోరుకున్న విధంగా కాదు కానీ ఇప్పుడు కోసం అది ఉండాలి
மே,ఫిబ్రవరి
எனக்கு வயது,నేను సంవత్సరాల వయస్సు కలిగి ఉన్నానని
கடைசி மாற்றம் செய்யப்பட்டது,చివరి మార్పు చేసినది
இங்கே பச்சை குத்தல்கள்,ఇక్కడ టాటూలను శోధించండి
மேலும் தகவலுக்கு தயவுசெய்து சரிபார்க்கவும்,మరింత సమాచారం కోసం దయచేసి తనిఖీ చేయండి
பக்கம் என்ற அடுத்த கடந்த,పేజీ యొక్క తదుపరి చివరి
நான் எவ்வளவு விரைவாக பணம் பெற முடியும்,నేను ఎంత వేగంగా డబ్బు పొందగలను
மக்கள் செய்ய முடியாது,ప్రజలు ఏమి కాదు
நான் எப்படி தொடங்குவது,నేను ఎలా మొదలుపెట్టగలను
ஆர்வம் காட்டியதற்கு நன்றி,మీ ఆసక్తికి ధన్యవాదములు
இது இரண்டு நிகழ்வுகளில் நடக்கும்,ఇది రెండు సందర్భాలలో జరగవచ్చు
நான் எப்படி இங்கே வந்தது,నేను ఇక్కడ ఎలా వచ్చాం
நீங்கள் எங்களுக்கு வேலை செய்ய விரும்புகிறீர்களா இன்று இல் எங்களை தொடர்பு,మాతో మీరు పని అనుకుంటున్నారా నేటి న మాకు సంప్రదించండి
முன்கூட்டியே கட்டணம்,ముందుగానే చెల్లింపు
உங்கள் தகவல் எங்களுடன் பாதுகாப்பானது மற்றும் யாருடனும் பகிரப்படாது,మీ సమాచారం మాతో సురక్షితం మరియు ఎవరితోనూ భాగస్వామ్యం చేయబడదు
குறியீடுகளை எங்கு உள்ளிட வேண்டும்,కోడ్ లను ఎక్కడ నమోదు చేయాలి
நாம் இந்த ஆண்டு வழங்குவது என்ன,మేము ఈ సంవత్సరం ఇస్తున్నది ఏమిటి
என்ன படித்து மற்ற மக்கள்,చదివిన ఇతరుల ఏమిటి
விவரக்குறிப்பு,స్పెసిఫికేషన్
நான் சில மாதிரிகள் பெற முடியுமா,నేను కొన్ని నమూనాలను పొందవచ్చు
இலவச சேர்க்கை வரவேற்கிறோம்,స్వాగతం
பிசிக்கள் கர்ல் முன்வார்ன்ட் வால்யூம் லீலாஷ்,మిస్లాండోడ్ లు కర్ల్ ప్రీఫిన్డ్ వాల్యూమ్ వెంట్రుష్
நீங்கள் நினைக்கலாம் விட குறைவாக செலவாகும்,ఇది మీరు అనుకోవచ్చు కంటే తక్కువ ఖర్చవుతుంది
நீ என்ன சொல்கிறாய்,ఏమి చెబుతున్నారు
மிஸ்லாடோட் பிசிக்கள் மிமீ முன்வார்ன்ட் வால்யூம் லீலாஷ்,మిస్లాండోడ్ లు ప్రీఫిన్డ్ వాల్యూమ్ వెంట్రుష్
நீங்கள் கவாஸ் இருக்கிறது,మరియు మీరు తో ఎల్లప్పుడూ
மக்கள் என்ன சொல்கிறார்கள்,ప్రజలు ఏమి చెప్పాలి
நீங்கள் ஒரு நல்ல யோசனை உங்களிடம் இருக்கிறதா பெரிய மற்றும் சிறிய,మీరు ఒక మంచి ఆలోచన ఉందా పెద్ద మరియు చిన్న
ஒரு க்கு அனுப்பப்பட்டது,ఒక కు పంపబడింది
நீங்கள் ஏதேனும் சந்தேகங்கள் இருந்தால் எனக்கு தெரியப்படுத்துங்கள்,మీరు ఏవైనా ప్రశ్నలు ఉంటే నాకు తెలియజేయండి
ஜேன்,పండులో
நான் இந்த மாதிரி புலம்பு வேண்டும் அல்லது அது நன்றாக இருந்தது,నేను ఈ వంటి వేదన ఉండాలా లేదా అది నిజంగా చెడు ఉంది
ஆண்டு,సంవత్సరము
எங்கள் முகவர் இருக்க வேண்டும் வா எங்களுக்கு சேருங்கள்,మా ఏజెంట్ ఉండాలనుకుంటున్నారా కమ్ మాకు చేరండి
க்கும் மேற்பட்ட ஊழியர்கள்,కంటే ఎక్కువ ఉద్యోగులు
உங்கள் வகையான கவனத்தை நன்றி,మీ రకమైన శ్రద్ధతో కోసం మీరు ధన్యవాదాలు
நாம் சமாதானமாக வருகிறோமா,మేము శాంతి వస్తున్నారా
நன்றி நல்ல வேலை வைத்திருக்கவும்,ధన్యవాదాలు మంచి పని ఉంచడానికి
நாங்கள் உங்களுக்கு போன்ற உள்ளூர் மக்கள் மீது எண்ண,మరియు మేము మీరు వంటి స్థానిక ప్రజలపై కౌంట్
நாம் என்ன செய்து கொண்டிருக்கின்றோம்,మేము ఏం చేస్తున్నారు
சரி கூறினார் நன்றி சகோதரன்,బాగా చెప్పారు ధన్యవాదాలు సోదరుడు
பயன்படுத்த மிகவும் எளிதானது,ఉపయోగించడానికి చాలా సులభం
மிஸ்லாமாட் பிசிக்கள் தொகுதி கண்ணிழி நீட்டிப்புகள் டி சுருள்,మిస్లాండోడ్ వాల్యూమ్ వెంట్రుక ఎక్స్టెన్షన్స్ కర్ల్
நாம் உலகத்தை மாற்றவே வருகிறோம்,మేము ప్రపంచ మారుతున్న చేసిన
நான் என்ன செய்ய வேண்டும்,నేను ఏం చేయాలి
காத்திருக்கவும்,దయచేసి వేచి ఉండండి
நீங்கள் என் வேலை விரும்பினால் தயவுசெய்து மேலும் செய்ய என்னை ஊக்குவிக்க என்னை ஒரு நன்கொடை அனுப்ப நன்றி,మీరు నా పని ఇష్టం ఉంటే నాకు మరింత చేయాలని ప్రోత్సహిస్తున్నారు నాకు ఒక విరాళం పంపడానికి ధన్యవాదాలు
அவர்களை சிரிக்க வைக்க,వారిని నవ్వుతూ ఉండటానికి
கட்டிங்,కట్టింగ్
இன்னும் போராடி,ఇప్పటికీ పోరాడుతున్నారా
காலாவதியானது ஆண்டுகளுக்கு முன்பு,ముగిసిన సంవత్సరాల క్రితం
நேற்று இன்று நாளை,నిన్న నేడు రేపు
விலை,ధర
நல்வரவு,తదుపరి కోసం అదృష్టం
இது மிகவும் சுலபமானது எளிமையானது,ఇది చాలా సులభం మరియు సరళం
எல்லோரும் தங்கள் வாழ்க்கையில் சில விரும்புகிறார்,అందరూ వారి జీవితంలో కొన్ని కోరుకుంటున్నారు
பற்றி மேலும் படிக்க மற்றும் நாம் என்ன தெரிகிறது,గురించి మరింత చదవండి మరియు మేము ఏమి కనిపించడం
ஏதாவது யோசனை நன்றி,ఏదైనా ఆలోచనలు ధన్యవాదాలు
உங்களுக்கு எவ்வளவு காலம் அந்த பிரச்சினை,ఎంతసేపు మీరు ఆ సమస్య ఉందా
வலது பாதையில் திடவாக்,వాయువేగంతో ఓవర్లాకింగ్
அது அன்பு,అది ప్రేమ
நீங்கள் உங்கள் வண்டியில் விடயமும் இல்லை,మీ షాపింగ్ కార్ట్ లో అంశాలు కలిగి
உதவி செய்யவும்,సహాయం దయచేసి
கேள்விகள் உள்ளனவா,ప్రశ్నలు ఉన్నాయా
என்கிறார்,చెప్పారు
எந்த கேள்விகளுக்கும் ஒரு விடுங்கள்,ఏదైనా ప్రశ్నలు ఒక వ్యాఖ్యను దయచేసి
நீங்கள் ஏதேனும் கேள்விகள் கலந்தாலோசிக்க வேண்டும் இருந்தால்,మీరు ఏవైనా ప్రశ్నలు సంప్రదించండి అవసరం ఉంటే
ஏ ஆமாம்,అవును
மேலும் இது போன்றவை பொருட்களைப் பெறலாம்,ఈ వంటి మరిన్ని విషయాలను పొందండి
கூட நீ,చాలా మీరు అవుతుంది
நீங்கள் எங்கே போக வேண்டும்,ఎక్కడికి వెళ్ళదలుచుకున్నావు
என்ன பற்றி,గురించి
மேம்படுத்த உதவவும்,దయచేసి మెరుగుపరచడానికి మాకు సహాయం చేయండి
மிக்க நன்றி நான் அந்த சோதிக்க வேண்டும்,చాలా ధన్యవాదాలు నేను ఆ పరీక్షించడానికి చేస్తాము
நாம் இல் முடிந்த,మేము లో పూర్తి చేశారు
மிஸ்லாடோட் பிசிக்கள் மிமீ டி கர்ல் ஃப்ளாட் கண்ணிஷ் நீட்டிப்பு,మిస్లేలొడ్ లు కర్ల్ ఫ్లాట్ వెంట్రుష్ ఎక్స్టెన్షన్
நீங்கள் இங்கே இருக்கிறீர்கள் முகப்பு முகப்பு,మీరు ఇక్కడ ఉన్నారు హోం హోం
நீங்கள் எனக்கு தெரியாது என்பது இதற்கான சில தீர்வு வேண்டும்,మీరు నేను తెలియదు ఈ కోసం కొన్ని పరిష్కారం కలిగి ఉండవచ్చు
இன்று உன்னுடைய சிறந்த நாள் எனக்கு இருந்தது,నేను ఈ రోజు మీతో ఉత్తమ రోజును కలిగి ఉన్నాను
இங்கே கதை செல்கிறது,ఇక్కడ కథ జరుగుతుంది
நாங்கள் உங்கள் உதவியுடன் சிறந்த போவோம்,మీ సహాయాన్ని మేము మంచి అవుతుంది
ஊழியர்கள் பணியில் உள்ளனர்,ఉద్యోగులు పనిచేస్తున్నారు
வழங்குநர்கள் சதவீதமா வாவ் ஐடி எங்கள் வழி அடுத்த விஷயம் இருக்க வேண்டும்,వెయ్యి శాతం వావ్ అది తదుపరి థింగ్ కమింగ్ ఉండాలి
மேலும் வாசிக்க ஒரு பி ஜிபி முன்னாள்,కూడా చదవండి ఒక
உங்களிடமிருந்து நாங்கள் கேட்க விரும்புகிறோம்,మేము మీ నుండి వినడానికి ఇష్టపడతాము
நிறுவனங்கள் பற்றி முகவரிகள் மற்றும் விமர்சனங்களை,చిరునామాలు మరియు సంస్థలు గురించి సమీక్షలు
அவர் சொல்வதைக் கேளுங்கள்,అతను చెప్పే వినండి
கூறுகிறார்,చెప్పారు
மேலும் படிக்க,ఇంకా చదవండి
அது ஒரு நல்ல யோசனை,ఒక మంచి ఆలోచన ఉంది
எவரும் எதையும் கிடைத்தது,ఎవరైనా ఏదైనా వచ్చింది
ஏன்,ఎందుకు
ஒவ்வொரு கப்பலில் உடனடியாக செய்யப்படும்,ప్రతి రవాణా వెంటనే పూర్తి అవుతుంది
புதிய,కొత్త
தற்போது நிரந்தர வாய்ப்புகள் இல்லை பிறகு மீண்டும் சரிபார்க்கவும்,ప్రస్తుతం శాశ్వత అవకాశాలు లేవు దయచేసి తర్వాత మళ్లీ తనిఖీ చేయండి
தற்போது இல்லை,ఇప్పుడు కాదు
மேலும் படிக்க,మరింత చదవండి
இந்த தளத்தில் பற்றி,ఈ సైట్ గురించి
நீங்கள் கண்கவர் பதில் காணலாம்,మీరు మనోహరమైన సమాధానం పొందుతారు
ஏன் மீண்டும் உண்மையில்,ఎందుకు తిరిగి నిజంగా
ஒவ்வொரு பிரச்சினை ஒரு தீர்வு உண்டு,ప్రతి సమస్య పరిష్కారం ఉంది
இந்த பெண் யார் என்று தெரியுமா,ఈ అమ్మాయి ఎవరో తెలుసా
என் வாத்து எங்கே,నా బాతు ఎక్కడ ఉంది
பிங்க் யாராவது இன்று,పింక్ ఎవరైనా నేడు
சோதனை,పరీక్ష
கேள்விகளை கேட்க தயாராக இருங்கள்,ప్రశ్నలు అడగండి సిద్ధంగా ఉండండి
அவரது புன்னகை இது எல்லாம் சொல்கிறது,అతని స్మైల్ ఇది అన్ని చెప్పారు
முறை,సార్లు
இதுவரை முயற்சி செய்யவில்லை,ఇంకా ప్రయత్నించలేదు
கடைசியாக திருத்திய,న చివరి మార్పు
முதல் எப்போதும்,మొదటి ఎల్లప్పుడూ
நாம் எப்போதும் அவர்களுடன் வணிக உறவுகளை கொண்டிருப்பவராய்,మేము ఎల్లప్పుడూ వారితో వ్యాపార సంబంధాలు కలిగి
நாளை நாம் செல்கிறோம் அற்புதமான மாதங்கள் எங்களுக்கு முன்னால்,రేపు మనం వెళ్తాము మాకు ముందు అద్భుతమైన నెలలు
எனவே இது உங்கள் வியாபாரத்திற்கு என்ன அர்த்தம்,కాబట్టి మీ వ్యాపారం కోసం దీని అర్థం ఏమిటి
ஆங்கிலம்அரபுஆஃப்ரிகான்ஸ்பைலோருஷ்ன்பல்கேரியன்காடலான்சீனகுரோஷியன்செக்டேனிஷ்டச்சுஎஸ்டோனியன்பாரசீகம்பின்னிஷ்பிரஞ்சு பிரான்ஸ்பிரஞ்சு கனடாஜெர்மன்கிரேக்கம்ஹீப்ருஇந்திஹங்கேரியன்ஐஸ்லென்டிக்இந்தோனேசியஐரிஷ்இத்தாலியஜப்பனீஸ்கெமெர்கொரியலேட்வியன்லிதுவேனியன்மால்டிஸ்மலாய்மாஸிடோனியன்நோர்வேபோலிஷ்போர்த்துகீசியம் பிரேசில்போர்த்துகீசியம் போர்ச்சுக்கல்ரோமானியன்ரஷியன்செர்பியன்ஸ்லோவாக்ஸ்லோவேனியன்ஸ்பானிஷ் மெக்ஸிக்கோஸ்பானிஷ் ஸ்பெயின்ஸ்வீடிஷ்தமிழ்தாய்துருக்கியஉக்ரைனியன்வியட்நாம்,ఇంగ్లీష్అరబిక్ఆఫ్రికాన్స్బెలరుశియన్బల్గేరియన్చైనీస్చెక్డానిష్డచ్ఫిన్నిష్ఫ్రెంచ్ ఫ్రాన్స్ఫ్రెంచ్ కెనడాజర్మన్గ్రీక్హిబ్రూహిందీహంగేరియన్ఐస్లాండిక్ఇండోనేషియన్ఐరిష్ఇటాలియన్జపనీస్ఖ్మేర్కొరియన్లిథుయేనియన్మాల్టీస్నార్వేజియన్పోలిష్పోర్చుగీస్ బ్రెజిల్పోర్చుగీస్ పోర్చుగల్రష్యన్సెర్బియన్స్లోవాక్స్లోవేనియాన్స్పానిష్ మెక్సికోస్పానిష్ స్పెయిన్స్వాహిలిస్వీడిష్తమిళథాయ్టర్కిష్ఉక్రేనియన్వియత్నామీస్
உங்கள் ஒரு வாரியாக பையன் ம்ம்,మీ ఒక తెలివైన వ్యక్తి కాబట్టి
எங்களை அழைக்க,మాకు కాల్
சிறந்த உணவு உதவி,ఉత్తమ ఆహార చికిత్స
இந்த கட்டுரையை மதிப்பிடுக,ఈ కథనాన్ని రేట్ చేయండి
இப்பக்கம் கடைசியாக அன்று புதுப்பிக்கப்பட்டது,ఈ పేజీలో చివరి న నవీకరించబడింది
இப்போது நான் மட்டுமே இந்த குறுகிய குறிப்பு எழுத,ఇప్పుడు కోసం నేను మాత్రమే ఈ చిన్న నోట్ వ్రాయడానికి
வழக்கமாக நாட்கள்,సాధారణంగా రోజులలో
மேலும் படங்கள் இங்கே கிளிக் செய்யவும்,మరిన్ని చిత్రాలు ఇక్కడ క్లిక్ చేయండి
முதலில் கருத்து தெரிவிப்பவர் நீங்கள் என்ன நினைக்கிறீர்கள்,మీరే మొదటి వ్యాఖ్య రాయండి మీరు ఏమి ఆలోచిస్తాడు
பார் நான் அவர் உங்களுக்கு சொன்னேன்,చూడండి నేను అతను లేదు మీరు చెప్పారు
எங்களை தொடர்பு கொள்ள தள வரைபடம்,మమ్మల్ని సంప్రదించండి సైట్ మ్యాప్
ஒரு முழு நிறைய,మరియు మొత్తం చాలా
நீங்கள் பிரச்சனையில் போல,మీరు ఇబ్బంది లాగా
ஏன்,ఎందుకు
முதலில் நீங்கள் ஏதாவது சொல்ல வேண்டும்,మొదట మీరు నాకు కొన్ని విషయాలు చెప్పడానికి కలిగి
எங்கள் கட்டணங்கள் தெரியுமா,మీరు మా ఫీజు తెలుసుకోవాలనుకుంటున్నారా
எங்களை அழைக்கவும்,మా కాల్
நன்றி விமர்சனம்,ధన్యవాదాలు
மொழியை மாற்றுக,భాషను మార్చండి
பக்கம் என்ற,పేజీ యొక్క
நான் அல்லது ஏதாவது பயப்படுவது இல்லை,నేను గాని ఏదైనా యొక్క భయపడ్డారు లేదు
தமிழ்,హోమ్
மற்றும் மிகவும் மிகவும்,మరియు ఎక్కువ చాలా
நன்று நான் அதை விரும்புகிறேன்,అభినందనలు నేను అది ప్రేమ
பின்னர் தொழிலாள,నుండి పని
நீங்கள் என்ன செய்ய வேண்டும்,మీరు ఏమి చేయాల్సి ఉంటుంది
டாடி ஒவ்வொரு நாளும் என்னை ஐஸ்கிரீம் கொண்டு,డాడీ నాకు ప్రతి రోజు ఐస్ క్రీమ్ తెస్తుంది
நாங்கள் பதில் அளிக்கப்படும் மணி,మేము లో ప్రత్యుత్తరం ఉంటుంది గంటల
இடுகைகள் இல்லை,పోస్ట్లు లేవు
பொதுவாக அது முடிந்துவிட்டது,సాధారణంగా అది ముగిసింది
என்னையும் எனது அணியையும் பணியமர்த்த விரும்புகிறீர்களா,నన్ను మరియు నా బృందాన్ని నియమించాలనుకుంటున్నారా
இலவச,కోసం ఉచిత
மிஸ்லாடோட் பிசிக்கள் மயிர்க்காலின் நீட்டிப்பு கர்ல்,మిస్లాండోడ్ లు వెంట్రుక పొడిగింపులు కర్ల్
நல்ல நாள்,గుడ్ రోజు
ஒரு வாரம் நாட்கள் இருந்து மணி வரை,నుండి వరకు వారానికి డేస్
நாங்கள் உங்களுக்கு தீர்வுகளை கொடுக்கும்,మేము మీరు పరిష్కారాలను ఇస్తుంది
நாட்கள் உங்கள் முழு கட்டணம் பிறகு,రోజుల మీ పూర్తి చెల్లింపు తర్వాత
நீங்கள் வரவேற்கிறோம் எங்கள் கடை,మీరు స్వాగతం మా దుకాణం
புதிய,న్యూ
இந்த தலைப்பில் ஒரு பெரிய வேலை,ఈ విషయం లో ఒక గొప్ప ఉద్యోగం
க்கும்,కంటే
ஐந்து கடவுள் முடியாதென்று எதுவும் கிடையாது,కోసం దేవుడు అసాధ్యమైనది యేది లేదు
இல் எங்களை பின்பற்றவும்,లో మాకు అనుసరించండి
நான் ஆர்வமாக இருக்கிறேன் பொருந்தும் அனைத்தும் சரிபார்க்கவும்,నేను ఆసక్తి కలిగి ఉన్నాను వర్తించే అన్ని తనిఖీ
மீண்டும் நன்றி,ధన్యవాదాలు మళ్ళీ
நீங்கள் எங்கு ஆட முடியும் உங்கள் இதயத்தில் மட்டுமே,మీరు ఎక్కడైనా నాట్యం మీ గుండె లో మాత్రమే
சமீபத்திய,తాజా
மற்ற பயனுள்ள அம்சங்களை உள்ளடக்கி,ఇతర ఉపయోగపడే ఫీచర్లను ఉన్నాయి
ஹஹா மிகவும் வேடிக்கையான,హా హా చాలా ఫన్నీ
அடுத்த பக்கம்,తర్వాత పేజీ
ஹவர் நிமிடம்,గంట నిమిషం
எந்த விரும்பத்தகாத வாசனையை,ఏ చెడు వాసన
இலக்கணம் இந்த என்று என்ன,వ్యాకరణం ఈ ఆ ఏమి ఉంది
விற்பனை ஹாட்லைன்,సేల్స్ హాట్లైన్ను
எங்களுக்கு சேர எங்கள் அனுபவிக்க வாய்ப்புகள்,మాతో చేరండి మా ఆనందించండి అవకాశాలు
நீங்கள் எந்த யோசனையும் கிடைத்தால் எனக்குத் தெரியப்படுத்துங்கள்,ధన్యవాదాలు మీరు ఏ ఆలోచనలు వచ్చింది ఉంటే నాకు తెలపండి
மேலும் தகவலுக்கு எங்களை தொடர்பு கொள்ளவும்,దయచేసి మరింత సమాచారం కోసం సంప్రదించండి
நீங்கள் உடன் நல்ல பணம் முடியுமா,మీరు తో మంచి డబ్బు చేయవచ్చు
முதல் பெயர் கடைசி பெயர்,మొదటి పేరు చివరి పేరు
எல்லோரும் நாங்கள் எல்லோரும்,అందరూ మేము అన్ని ఉన్నాయి
ஊபர் டெக்னாலஜீஸ் இன்க்,టెక్నాలజీస్
இது இவ்வளவு சுலபமா,ఇది అంత సులభమా
ஒரு சிந்தனை,కేవలం ఒక ఆలోచన
உதவியைக் கண்டுபிடி,సహాయం కనుగొనండి
நான் உங்களுக்கு ஒரு பெரிய வேண்டும் என்று நான் நம்புகிறேன்,నేను మీరు ఒక గొప్ప కలిగి ఆశిస్తున్నాము
பிரச்சினைகள் நீங்கள் வருமுன் நாம் பிரச்சினைகளை தீர்க்க,సమస్యలు మీరు వచ్చారు ముందు మేము సమస్యలను పరిష్కరించటానికి
ஆனால் அது ஒரு ஆரம்பம் மட்டுமே,కానీ అది ప్రారంభం మాత్రమే
அவள் அந்த வேண்டும் என்று அனைத்து வந்துவிட்டுப்,మాత్రమే ఆమె ఆమె అవసరం అన్ని కలిగి ఉంటే
துபாய் நாம் வருகிறார்கள்,దుబాయ్ మేము వస్తున్నారా
எங்களுக்கு மின்னஞ்சல் அனுப்ப,మాకు మెయిల్ చేయండి
தொடர்ந்து படிக்க,పఠనం కొనసాగించండి
வணக்கம் மாட் இன்று எப்படி இருக்கிறீர்கள்,హలో మాట్ ఎలా మీరు నేడు
என்றாலும் உதவியதற்கு நன்றி,అయితే సహాయం ధన్యవాదాలు
ஆமாம் இரண்டும் ஒன்று தான்,అవును ఇది కూడా అలాంటిదే
என்றால் என்ன அவர்கள் என்ன செய்கிறார்கள்,అంటే ఏమిటి మరియు వారు ఏమి చేస్తారు
மனிதர்கள் என்ன செய்ய வேண்டாம்,మానవులు ఏమి చేస్తారు
கூட்டுத்தொகை,పూర్తికాని
எப்போது எங்கும் பயன்படுத்தவும்,ఎప్పుడైనా ఎక్కడైనా ఉపయోగించండి
கருத்துரைகள் பக்கம் உள்ள,వ్యాఖ్యలు పేజీ యొక్క
எங்கள் தயாரிப்புகள் இரண்டு பிரிவுகள் உள்ளன,మా ఉత్పత్తులు రెండు విభాగాలు ఉన్నాయి
மேலான சேமிப்பு,వరకు సేవ్
மீண்டும் வணக்கம்,మళ్ళీ హలో
பிளஸ் ஒருவேளை இந்த ஆண்டு,ప్లస్ బహుశా ఈ ఇయర్
நட்பு நம்பிக்கை அன்பு பரிமாற்றம் மூலம் அனைத்து பெற,స్నేహం విశ్వాసం ప్రేమ పొందడానికి మార్పిడి ద్వారా అన్ని
மின்னஞ்சல் ஆதரவு,ఇమెయిల్ మద్దతు
ஏற்கனவே உறுப்பினரா,ఇప్పటికే సభ్యులా
உங்கள் வாழ்வின் ஒவ்வொரு நொடியும் அனுபவிக்க,మీ జీవితంలోని ప్రతి క్షణం ఆనందించండి
தொலைபேசி,టెలిఫోన్
சேனல்,ఛానల్
செப்டம்பர்,సెప్టెంబర్
கேள்வி மேலும் தகவல் தேவையா எங்களுக்கு செய்தி அனுப்பு,ప్రశ్న మరింత సమాచారం కావాలా మాకు సందేశం పంపండి
மற்றும் உங்கள் குடும்ப,మరియు మీ కుటుంబ
எளிதாக உங்கள் வாங்கும் பிரச்சினைகளை தீர்க்க,సులభంగా మీ కొనుగోలు సమస్యలు పరిష్కరించడానికి
எனக்கு வேறு கேள்விகள் இருந்தால் என்ன,నాకు ఇతర ప్రశ్నలు ఉంటే
விளையாட்டின் விதிகள்,ఆట యొక్క నియమాలు
பக்கம் என்ற,పేజీ యొక్క
நீங்கள் ஒரு மனித உள்ளன மற்றும் இந்த துறையில் காண்கிறீர்கள் என்றால் அது வெற்று விடுங்கள்,మీరు ఒక మానవ ఉంటాయి మరియు ఈ రంగంలో చూసిన ఉంటే దయచేసి ఖాళీగా వదిలివేయండి
ஒரு இரகசிய விளக்கினார்,ఒక రహస్య వివరించారు
தொலைபேசிகள்,ఫోన్లు
எந்த நிலையில் உள்ளீர்கள்,మీరు ఏ దశలో ఉన్నారు
இந்த போக்கிற்கு யார் போகவேண்டும்,ఎవరు ఈ కోర్సు కోసం వెళ్ళాలి
அவள் எப்போதும் அமைதியாக இருக்கிறது,మరియు ఆమె ఎల్లప్పుడూ నిశ్శబ్ద ఉంది
என் வீட்டில் பயன்படுத்த பாதுகாப்பானதா,నా ఇంటిలో ఉపయోగించడానికి సురక్షితం
உங்களிடம் ஏதேனும் கேள்விகள் இருந்தால் எங்களுக்குத் தெரியப்படுத்துங்கள் நாங்கள் உங்களுக்கு மணி நேரத்திற்குள் பதிலளிப்போம்,మీకు ఏవైనా ప్రశ్నలు ఉంటే దయచేసి మాకు తెలియజేయండి మేము మీకు గంటల్లో ప్రత్యుత్తరం ఇస్తాము
ஒரு பிச்சைக்காரன் மோதிரங்கள்,ఒక బిచ్చగాడు వలయాలు
இப்பொழுது இதை நீங்கள் கற்பனை செய்யுங்கள்,ఇప్పుడు దీనిని ఊహించండి
வருடங்களுக்கும் மேலாக அனுபவம்,కంటే ఎక్కువ సంవత్సరాల అనుభవం తో
இப்போது அழைக்கவும்,ఇప్పుడు కాల్ చేయండి
மக்கள் உண்மை தெரிய வரும் இயேசு இன்று வேண்டும்,ప్రజలు యేసు నేడు అవసరం నిజం బహిర్గతం అవుతుంది
நகரத்திற்கு அருகாமையில்,ప్రాంతాలు పారిశ్రామిక మొక్కలు లేకపోవడంతో పర్యావరణ శుభ్రత
கேள்வி,ప్రశ్న
எங்கள் தயாரிப்புகள் அல்லது பற்றி விசாரணைக்காக எங்களுக்கு உங்கள் மின்னஞ்சல் முகவரியையும் கொடுத்துவிட்டுச் நாங்கள் மணி நேரத்திற்குள் தொடர்பு இருப்பேன்,మా ఉత్పత్తులు లేదా గురించి విచారణ కోసం మాకు మీ ఇమెయిల్ వదిలి మరియు మేము గంటల్లో టచ్ ఉంటుంది
ஒவ்வொரு நிமிடங்களிலும் ஒவ்வொரு நிமிடங்களிலும் ஒவ்வொரு மணி நேரமும்,ప్రతి నిమిషాలు ప్రతి నిమిషాలు ప్రతి గంట
முகப்பு புதிய கேம்ஸ்,హోమ్ కొత్త గేమ్స్
அனைத்து காட்ட ஆட்டோ உணவு பொழுதுபோக்கு கொள்முதல் அழகு சுகாதாரம் விலங்குகள் மற்ற,అన్నీ చూపించు ఆటో ఆహార వినోదం కొనుగోలు అందం ఆరోగ్యం జంతువులు ఇతర
உங்கள் ஆடை எனக்கு ஏதாவது கற்பிக்க விரும்புகிறது,మీ దుస్తులు నన్ను ఏదో నేర్పించాలని కోరుకుంటున్నాను
மூலம் வேர்ட்பிரஸ் தீம்,ద్వారా థీమ్
டிசெம்பர்,డిసెంబర్
டேரியஸ்ஸஸ் அவ்வளவு எளிதான பிழைத்திருத்தம்,అన్ని చాలా సులభమైన పరిష్కారం
ஏதாவது கேள்விகள்,ఏవైనా ప్రశ్నలు వున్నాయ
இயல்பான,లేదా
சேர்க்கை,అడ్మిషన్
இதற்கு என்ன அர்த்தம்,దీని అర్థం ఏమిటి
இருந்து,నుండి
தயவு செய்து இங்கே வீடியோவை அனுபவிக்கவும்,దయచేసి ఇక్కడ వీడియో ఆనందించండి
மக்கள் மற்றும் நம்பிக்கை,ప్రజలు మరియు విశ్వాసం
கதை தயவுசெய்து க்கும் மேற்பட்ட சொற்களை எழுதவும்,కథ దయచేసి కన్నా ఎక్కువ పదాలను రాయండి
சுற்றுச்சூழலைப் பாதுகாக்க,పర్యావరణ పరిరక్షణకు
மணி பதிலளியுங்கள்,గంటల్లో ప్రత్యుత్తరం
நீங்கள் எங்கள் தயாரிப்புகள் ஆர்வமாக இருந்தால்,మీరు మా ఉత్పత్తులు ఆసక్తి ఉంటే
முதல் பெயர் மத்திய பெயர் மற்றும் கடைசி பெயர்,మొదటి పేరు మధ్య పేరు మరియు చివరి పేరు
அது கூட ஒரு பெரிய வழியில் செலுத்த முடியும்,ఇది కూడా ఒక పెద్ద విధంగా చెల్లించవచ్చు
நான் ஒவ்வொரு நாளும் நீங்கள் சொல்ல உறுதி வேண்டும்,మరియు నేను ప్రతి రోజు మీరు చెప్పడానికి ఖచ్చితంగా ఉంటాం
எங்களை பற்றி என்ன அடுத்த,మా గురించి ఏమి తదుపరి
ஜூன் இல் மீது,జూన్ వద్ద ఉదయం
சிறிய விஷயங்களை அனுபவியுங்கள்,చిన్న విషయాలు ఆనందించండి
ஸ்கைப்,స్కైప్
எந்த விசாரணைகள் மணி நேரத்தில் பதில்,ఏ విచారణ గంటల్లో సమాధానం ఉంటుంది
நாம் உங்கள் விசாரணை நீங்கள் பதில் அளிக்கப்படும் மணி,మేము గంటల్లో మీ విచారణ కోసం మీరు ప్రత్యుత్తరం ఉంటుంది
அது சிறந்ததாகும் நாங்கள் கயாகிங் கொண்டு இந்த எங்களுக்கு மகிழ்ச்சியாக உண்டு பண்ணுவதால் மேலும் தெரிந்து கொள்ள வேண்டுமா,అది ఉత్తమ మేము కయాకింగ్ తీసుకుని ఈ మాకు సంతోషంగా చేస్తుంది ఎందుకంటే మరింత తెలుసుకోవాలంటే
இந்த செய்தியை மீண்டும் பார்க்க வேண்டாம்,ఈ సందేశాన్ని మళ్లీ చూడవద్దు
இது வேலை செய்யும் அது வேலை செய்யும் இது ஒரு நல்ல திட்டம் தான்,ఇది పని చేస్తుంది ఇది పని చేస్తుంది ఇది ఒక మంచి ప్రణాళిక వార్తలు
உங்கள் கேள்விகளுக்கு ஒரு நாளைக்கு ஒரு நாளைக்கு நாங்கள் பதிலளிக்கிறோம்,మేము సంవత్సరానికి మీ రోజులకు రోజులకు సమాధానం ఇస్తాము
மொத்த,మొత్తం
அல்லது,లేదా
நீங்கள் என்ன நினைக்கிறீர்கள்,మీరు ఏమి ఆలోచిస్తాడు
வண்டியில்,కార్ట్
நீங்கள் என்ன காத்திருக்கிறார்கள்,దేనికోసం ఎదురు చూస్తున్నావు
உங்கள் இதயத்தில் கனவு இங்கே நனவாகும்,మీ గుండె లో డ్రీం ఇక్కడ నిజమైన వస్తాయి
கேளுங்கள் பரிந்துரை புகார்,అడగండి సూచించండి నివేదించండి
டி இந்த பிளாக்கர்கள்,ఈ వంటి బ్లాగర్లు
எபிரெயர்,హెబ్రీయులు
நான் உதவி கண்டறிவதில் உதவி தேவை,నేను సహాయం కనుగొనడంలో సహాయం అవసరం
மூலம் விளக்கு கோ லிமிடெட் பதிப்புரிமை முகவரி எஃப் தொழிற்சாலை பார்க் சென்ழென் சீனா தொலைபேசி மின்னஞ்சல்,ద్వారా లైటింగ్ కో లిమిటెడ్ కాపీరైట్ కంపెనీ చిరునామా ఇండస్ట్రియల్ పార్క్ బావోయాన్ షెన్జెన్ చైనా ఫోన్ ఇమెయిల్
க்கும் மேற்பட்ட இல்லை வேலை நாட்கள் பதில் கிடைக்கும்,కంటే ఎక్కువ కాదు పని రోజులు సమాధానం పొందండి
நீங்கள் எங்கள் தயாரிப்புகள் ஆர்வமாக அல்லது ஏதேனும் கேள்விகள் இருந்தால் எங்களுக்கு தொடர்பு கொள்ள தயங்க வேண்டாம் நாம் எதிர்காலத்தில் உங்களுடன் கூட்டுறவு உறவுமுறையை ஏற்படுத்துவதற்காக நம்புகிறேன்,మీరు మా ఉత్పత్తులు ఆసక్తి లేదా ఏవైనా ప్రశ్నలు ఉంటే మాకు సంప్రదించడానికి సంకోచించకండి దయచేసి మేము సమీప భవిష్యత్తులో మీతో సహకార సంబంధాలు ఏర్పాటు ఆశిస్తున్నాము
நீங்கள் எங்களுடன் ஏற்கனவே கையொப்பமிட்டிருந்தால் உங்களுக்கு தேவையான முக்கியமான தகவல்களை இந்த பக்கத்திலிருந்தே காணலாம் இல்லையென்றால் நீங்கள் எப்போதும் எண்களை எண்களை கொடுக்கலாம்,మీరు ఇప్పటికే మాతో సంతకం చేసినట్లయితే మీరు ఈ పేజీలో అవసరమైన అన్ని ముఖ్యమైన సమాచారాన్ని మీరు కనుగొనగలరు మీరు ఎల్లప్పుడూ మాకు రింగ్ ఇవ్వలేరు ఉంటే
இது உங்கள் தேவைகளை பொறுத்தது,ఈ మీ అవసరాల మీద ఆధారపడి ఉంటుంది
இது நற்செய்தி ஆண்டுகளுக்கு முன்பு,అయితే శుభవార్త ఏమిటంటే వేల సంవత్సరాల క్రితం
இயேசு வந்துவிட்டது மீண்டும் வரும்,యేసు వచ్చిన మరియు మళ్ళీ వస్తాయి
ஏன் அதை செலவாகும்,ఎందుకు అలా ఖరీదైనది
வரைதல் படிமுறை,డ్రాయింగ్ ఎత్తున
யார் மதிய நேரத்தில் பணம் திரும்ப நேரம் உள்ளது,ఎవరు భోజనం వద్ద డబ్బు ఉపసంహరించుకోవాలని సమయం ఉంది
மற்றவர்கள் பார்த்து இல்லாமல் எப்படி வாழ,ఇతరులను ఎలా చూడటం లేకుండా జీవించడానికి
சேவை அளித்த தளம்,సైట్ అందించే సేవ
எந்த கருத்துக்கள்,ఏ ఆలోచనలు
ஒன்றாக வேலை ஒன்றாக வளர்ந்து வரும்,కలిసి పని కలిసి పెరుగుతున్న
நீங்கள் எங்களை அழைக்க முடியும்,మీరు నుండి మాకు కాల్ చెయ్యవచ్చు
