Telugu,Tamil
నాకు,எனக்கு
ఉంది,உள்ளது
నువ్వు,நீ
ఏమి,என்ன
చేస్తున్నావు,செய்கிறாய்
ఎక్కువ,மேற்பட்ட
సమయం,நேரம்
దీన్ని,இதை
అతను,அவர்
చాలా,மிகவும்
ఆమె,அவள்
అందంగా,அழகாக
నా,என்
ఎలా,எப்படி
చేయాలి,செய்ய
నేను,நான்
ఈ,இந்த
నిన్ను,உன்னை
ఈరోజు,இன்று
పేరు,பெயர்
మీ,உங்கள்w
ఎక్కడ,எங்கே
ఉన్నారు,ஏற்கனவே
పనికి,வேலைக்கு
కారు,வண்டி
నీకు,உனக்கு
కావాలి,வேண்டும்
మీరు,நீங்கள்
ఎంత,எவ்வளவு
ఒక,ஒரு
దాన్ని,அதை
ఎప్పుడూ,எப்போது
పూర్తి,முழு
అది,அது
పని,வேலை
రోజు,நாள்
తెలియదు,தெரியாது
ఇంటికి,வீட்டிற்கு
ఎప్పుడు,எப்போது
ఇష్టం,விரும்பலாம்
ఇది,இது
నాతో,என்னிடம்
మీతో,உங்களுடன்
నన్ను,என்னை
తిరిగి,திரும்ப
ఉంటుంది,இருப்பேன்
గురించి,பற்றி
రేపు,நாளை
మిమ్మల్ని,உங்களை
నిజంగా,உண்மையில்
మీకు,உங்களுக்கு
కొన్ని,சில
ప్రశ్నలు,கேள்விகள்
ఉన్నాయి,உள்ளன
తెలుసా,என்று
ఇక్కడ,இங்கே
ఎందుకు,ஏன்
కోసం,என்ன
కొత్త,புதிய
ఇంకా,இன்னும்
ప్రణాళిక,திட்டம்
ఇప్పుడు,இப்போது
ఏమిటి,என்ன
నుంచి,இருந்து
మరింత,மேலும்
కంపెనీలు,நிறுவனங்கள்
మాతో,எங்களுடன்
మాకు,எங்களுக்கு
తెలియజేయండి,தெரியப்படுத்துங்கள்
మరియు,மற்றும்
మేము,நாம்
ఎల్లప్పుడూ,எப்போதும்
సహాయం,உதவ
సంతోషంగా,மகிழ்ச்சியாக
చదవండి,படிக்க
ఫోన్,தொலைபேசி
చేయవచ్చు,செய்ய
కూడా,கூட
ఆ,அது
కానీ,ஆனால்
అక్కడ,அங்கு
సహాయపడగలను,உதவ
ఎవరు,யார்
ద్వారా,மூலம்
ఏ,எந்த
కావలసిన,நீளம்
సిద్ధంగా,தயாராக
యేసు,இயேசு
అన్ని,அனைத்து
ఆశిస్తున్నాము,நம்புகிறேன்
ప్రయత్నించండి,முயற்சி
ఆనందించండి,அனுபவிக்க
హోమ్,முகப்பு
టెల్,தொலைபேசி
నుండి,இருந்து
కాదు,இல்லை
ధన్యవాదాలు,நன்றி
జస్ట్,உங்களுக்கு
కాల్,அழைப்பு
మొదటి,முதல்
చివరి,அன்று
సహాయపడుతుందని,உதவும்
ఆశిస్తున్నాను,என்று
ఇతర,மற்ற
సమాధానం,பதில்
అవసరం,தேவை
ఉంటే,இருந்தால்
తదుపరి,அடுத்த
వాల్యూమ్,லீலாஷ்
ఫ్యాక్స్,தொலைநகல்
సంప్రదించండి,தொடர்பு
ఉత్తమ,சிறந்த
స్వాగతం,வரவேற்கிறோம்
సులభం,எளிதானது
అని,என்று
ప్రేమ,விரும்புகிறேன்
చెయ్యాలనుకుంటున్నారు,செய்ய
మరిన్ని,இன்னும்
ప్రశ్న,கேள்வி
మనం,நாங்கள்
ఎవరము,யார்
వంటి,மாதிரி
ఏదో,ஏதாவது
చూడండి,காண்க
టెలిఫోన్,தொலைபேசி
ప్రతిదీ,எல்லாம்
బహుశా,ஒருவேளை
మిస్లేలొడ్,மிஸ்லாடோட்
ప్రీఫిన్డ్,வால்யூம்
న్యూ,புதிய
మమ్మల్ని,எங்களை
సంకోచించకండి,கொள்ள
ఏం,என்ன
గొప్ప,பெரிய
సందేశం,செய்தி
దయచేసి,தயவு
మార్గం,வழி
ఏప్రిల్,ஏப்ரல்
హలో,வணக்கம்
ప్రయత్నించాలి,முயற்சிக்க
కలిగి,வேண்டும்
డబ్బు,பணம்
ఉండాలి,இருக்க
గంట,மணி
మంచి,நல்ல
మా,எங்கள்
న,புதுப்பிக்கப்பட்டது
అవును,ஆமாம்
కథ,கதை
నిమిషాలు,நிமிடங்களிலும்
మానవ,மனித
మే,மே
పరిష్కారం,தீர்வு
మార్పు,மாற்றம்
మళ్ళీ,மீண்டும்
చెయ్యగలరు,செய்ய
లేదా,அல்லது
గంటల్లో,மணி
టచ్,தொடர்பு
సమస్య,பிரச்சனை
ఉత్పత్తులు,தயாரிப்புகள்
చెప్పారు,என்கிறார்
ఇప్పటికే,ஏற்கனவே
అప్పుడు,பின்னர்
విధంగా,வழியில்
విచారణ,விசாரணைகள்
కాబట్టి,எனவே
కంటే,க்கும்
సమాచారం,தகவலுக்கு
మద్దతు,ஆதரவு
ఉండండి,இருங்கள்
యొక్క,என்ற
©,©
కాపీరైట్,பதிப்புரிமை
హక్కులు,உரிமைகளும்
ప్రత్యేకించబడ్డాయి,பாதுகாக்கப்பட்டவை
పేజీ,பக்கம்
ఏవైనా,ஏதேனும்
ఖచ్చితంగా,நிச்சயமாக
అటువంటి,தொலைபேசி
కలిసి,ஒன்றாக
డిసెంబర్,டிசம்பர்
చేస్తాము,வேண்டும்
సంవత్సరము,ஆண்டு
తేదీ,நிர்வாகம்
ఎవరైనా,யாராவது
సంవత్సరాల,ஆண்டுகள்
పొడవు,நீளம்
పొడవును,எழுது
జూన్,ஜூன்
»,»
చేరండి,சேர
లో,இல்
తర్వాత,அடுத்து
—,—
చిరునామాలు,நிறுவனங்கள்
సంస్థలు,முகவரிகள்
సమీక్షలు,விமர்சனங்களை
ప్రతి,ஒவ்வொரு
ప్రపంచ,உலக
పెరుగుతున్న,வளர்ந்து
చేసిన,மூலம்
వద్ద,இல்
రోజులు,நாட்களுக்கு
చేస్తారు,செய்ய
పోస్ట్,அன்று
చేస్తుంది,செய்கிறது
ప్రేక్షకులు,பார்வையாளர்கள்
బరువు,எடை
ప్రజలు,மக்கள்
అమ్మాయి,பெண்
ఏవైనా,ஏதேனும்
చెప్పే,சொல்வதைக்
వినండి,கேளுங்கள்
అడగండి,கேளுங்கள்
పొందండి,கிடைக்கும்
రెండు,இரண்டு
భవిష్యత్తులో,எதிர்காலத்தில்
ఉదయం,மீது
పొందాయి,வளர்ந்து
ఉద్యోగులు,ஊழியர்கள்
వినడానికి,விரும்புகிறோம்
మిస్లాండోడ్,மிஸ்லாடோட்
లు,பிசிக்கள்
కర్ల్,கர்ல்
ఫ్లాట్,ஃப்ளாட்
వెంట్రుష్,கண்ணிஷ்
ఎక్స్టెన్షన్,நீட்டிப்பு
హక్కులూ,உரிமைகளும்
ప్రత్యేకించుకోవడమైనది,பாதுகாக்கப்பட்டவை
చెల్లింపు,கட்டணம்
ఉపయోగించడానికి,பயன்படுத்த
నేడు,இன்று
ఏదైనా,ஏதாவது
కార్ట్,வண்டியில்
హోం,முகப்பு
అవకాశాలు,வாய்ப்புகள்
లేవు,இல்லை
ఆహార,உணவு
పేజీలో,கடைசியாக
సైట్,கொள்ள
మ్యాప్,தள
ఆసక్తి,ஆர்வமாக
నిమిషం,நிமிடம்
విశ్వాసం,நம்பிக்கை
సభ్యులా,உறுப்பினரா
