Telugu_Token,Tamil_Token
జాగ్రత్తగా,கவனமாக
ఉంటుంది,இருக்கும்
కోరుకుంటున్నాను,இருக்க விரும்புகிறேன்
లోతైన,ஆழமான
మా,எம்.ஏ.
హోం,வீடு
నేను,நான்
ఎల్లప్పుడూ,எப்போதும்
పంపబడింది,அனுப்பப்பட்டது
కుదరదు,முடியாது
వుంటాము,நாங்கள் இருப்போம்
బయటకు,வெளியே
మాకు,எங்களுக்கு
కనుగొనగలరు,அதைக் கண்டுபிடிக்க முடியும்
త్వరగా,விரைவாக
వస్తాయి”,மேலே வாருங்கள் ”
మీరు,நீங்கள்
వెళ్దాం,போகலாம்
మీ,நான்
బాగుంది,நல்லது
ఈ,இது
లో,இல்
ముత్యాల,முத்துக்கள்
ఉంటే,என்றால்
మేము,நாங்கள்
ఉందా,இருக்கிறது
మరియు,மற்றும்
వెళ్తాడు,செல்கிறது
మిస్లాండోడ్,தவறான
ప్యాకేజీ,தொகுப்பு
పోర్చుగల్రష్యన్సెర్బియన్స్లోవాక్స్లోవేనియాన్స్పానిష్,போர்ட்டல்கிர்லூசர்பியன்ஸ்லோவாக்ஸ்லோவாக்ஸ்
స్నేహితుడిని,ஒரு நண்பர்
అక్కడ,அங்கே
ఎక్కడ,எங்கே
ఎవరు,யார்
కలిగిస్తారు,அழைக்கப்பட்டார்
నాకు,நான்
దీన్ని,இதைச் செய்யுங்கள்
రాయండి,எழுதுங்கள்
నాకు,நான்
మౌనంగా,ம .னத்தில்
ఉత్తమ,சிறந்த
ఏమి,என்ன செய்ய வேண்டும்
సహాయం,உதவி
ఆరోగ్యం,ஆரோக்கியம்
షెల్లీ,ஷெல்லி
ముఖ్యమైన,முக்கியமானது
తెలుసా,தெரியும்
ఉన్నారు,உள்ளன
రోజులు,நாட்கள்
చూడాలనుకుంటున్నారా,பார்க்க விரும்புகிறேன்
ఉంటాయి,இருக்கும்
మీరు,நீங்கள்
ధైర్యం,தைரியம்
మాత్రమే,மட்டும்
అవ్యక్త,மறைமுகம்
పూర్తి,முழுமையானது
మాకు,எங்களுக்கு
పరిష్కరించాలని,சரி செய்யப்பட வேண்டும்
మంచి,நல்லது
మమ్మల్ని,நாங்கள்
గత,கடந்த
ఇప్పుడే,இப்போது
మేము,நாங்கள்
»,»
సులభం,எளிதானது
చాలా,மிகவும்
పోరాడుతున్నారా,சண்டை
మీరు,நீங்கள்
చివరి,கடைசி
వివరాలకు,விவரங்களுக்கு
మార్గాలు,பாதைகள்
హోమ్,வீடு
ఆనందించండి,மகிழுங்கள்
పొందడానికి,பெற
ఏమి,என்ன செய்ய வேண்டும்
సమయం,நேரம்
నేను,நான்
అప్,மேலே
ఏవైనా,எதையும்
మీతో,உங்களுடன்
కౌంట్,எண்ணுங்கள்
ఏమిటంటే,என்ன
జీవితంలో,வாழ்க்கையில்
యొక్క,Of
సినిమాకు,திரைப்படத்திற்கு
మారుతున్న,மாற்றும்
ఆ,அது
అద్భుతంగా,சிறந்த
కార్డుదారుడు,அட்டைதாரர்
అనుభూతి,உணர்வு
లో,இல்
ఎవరైతే,யார்
ఉన్నాయి,அவை
మాట్లాడలేదు,பேசவில்லை
పట్టుకోండి,வைத்திருக்க
కోరుకున్న,விரும்பிய
నుండి,இருந்து
ఒక,A
మీరు,நீங்கள்
ఈ,இது
విధంగా,வழியில்
ఒకసారి,ஒருமுறை
స్నానం,குளியல்
గదిలో,அறையில்
అద్భుతమైన,சிறந்த
టెల్,சொல்லுங்கள்
మేము,நாங்கள்
దయచేసి,தயவுசெய்து
పాల్,பால்
ఏమిటి,அது என்ன
మీరు,நீங்கள்
అసాధ్యమైనది,சாத்தியமற்றது
అవతారం,அவதாரம்
అడుగుతున్నారు,கேட்கிறது
చెప్పాలి,சொல்ல
నీకు,நீங்கள்
“ఎందుకు”,“ஏன்”
ఖరీదు,செலவு
లు,எஸ்.எல்
ఇవ్వండి,கொடுங்கள்
ఎవరైనా,யாரோ
చూడండి,பார்க்க
దశల్లో,நிலைகளில்
చికిత్స,சிகிச்சை
ఇక్కడ,இங்கே
కోసం,க்கு
త్రాగు,குடிப்பழக்கம்
కార్డ్,அட்டை
ప్రతినిధులు,பிரதிநிதிகள்
ప్రత్యేకించబడినవి,ஒதுக்கப்பட்டவை
ఉంటే,என்றால்
విషయం,விஷயம்
మీరు,நீங்கள்
ఆనందకరమైన,மகிழ்ச்சி
ఆశిస్తున్నాము,நம்பிக்கை
రోజు,நாள்
విషయాలు,விஷயங்கள்
నా,என்
ఉపయోగిస్తారు,பயன்படுத்தப்பட்டது
చదువు,படிக்க
ఏ,ப.
వెళుతున్నారు,செல்கிறது
చేసాను,அதைச் செய்தது
రాజ్యంలో,ராஜ்யத்தில்
నిన్ను,நீங்கள்
అంతర్జాతీయ,சர்வதேச
మీ,நான்
శోధిస్తున్నారు,தேடுகிறது
ఉండాలి,இருக்க வேண்டும்
ఇమెయిల్,மின்னஞ்சல்
ముగిసిన,முடிந்தது
వేచి,காத்திருக்க
వస్తాను,வாருங்கள்
త్యాగాలు,தியாகம்
ప్రతి,ஒவ்வொன்றும்
మాకు,எங்களுக்கு
సమయంలో,நேரத்தில்
జాగ్రత్తగా,கவனமாக
దయచేసి,தயவுசெய்து
స్వాగతం,வரவேற்கிறோம்
చదువుకోవచ్చు,படிக்க முடியும்
నాకు,நான்
ప్రారంభించండి,தொடக்க
నిక్లాస్,நிக்லாஸ்
పుట్టినరోజు,பிறந்த நாள்
ఆమె,அவள்
తదుపరి,அடுத்து
సహాయం,உதவி
మీకు,உங்களுக்கு
కోరుకుంటున్నారు,விரும்புகிறேன்
ఒక,A
కు,To
న్యూ,புதியது
మీరు,நீங்கள்
అభినందిస్తున్నాను,நான் பாராட்டுகிறேன்
యేసు,இயேசு
అసాధ్యం,சாத்தியமற்றது
వారి,அவர்களின்
పేజీలో,பக்கத்தில்
కాల్,அழைப்பு
జట్టు,அணி
సంవత్సరానికి,ஆண்டுக்கு
ఉన్నాయి…,உள்ளன…
వారిని,அவர்களுக்கு
మీ,நான்
తెలియదు,தெரியாது
ధన్యవాదాలు,நன்றி
ఉంటే,என்றால்
మీరు,நீங்கள்
మీరు,நீங்கள்
చెప్పారు,கூறினார்
ఎవరము,யார்
ఉపయోగించడానికి,பயன்படுத்த
మీరు,நீங்கள்
అన్ని,அனைத்தும்
బహుమతులు,பரிசுகள்
వారానికి,வாரத்திற்கு
తీసుకుని,கொண்டு வாருங்கள்
ఎవరైనా,யாரோ
ఉన్నాము,நாங்கள்
నిజం,உண்மை
తెలుసుకోవచ్చు,கண்டுபிடிக்க முடியும்
హక్కులు,உரிமைகள்
పూర్తి,முழுமையானது
కోసం,க்கு
ఉన్నారు,உள்ளன
తెలియజేయండి,அதை அறிந்து கொள்ளட்டும்
ఉంటే,என்றால்
అనుకోవచ్చు,இருக்க வேண்டும்
ఒక,A
ఉన్నారు,உள்ளன
చేయాలి,செய்யப்பட வேண்டும்
వరకు,வரை
ఆనందాన్ని,மகிழ்ச்சி
నెలలు,மாதங்கள்
ఆలోచిస్తాడు,சிந்தனை
సంవత్సరాలు,ஆண்டுகள்
హౌస్,வீடு
గొప్ప,பெரிய
©,©
గంటల్లో,மணிநேரங்களில்
మరియు,மற்றும்
బాగుంది,நல்லது
ఉంటే,என்றால்
అలసిపోయాను,நான் சோர்வாக இருந்தேன்
చూసిన,பார்த்தேன்
నా,என்
కొనసాగించండి,தொடரவும்
ఉంటాయి,இருக்கும்
వ్యాకరణం,இலக்கணம்
కొన్ని,சில
మీరు,நீங்கள்
చేయాలో,செய்ய
నేను,நான்
సహాయం,உதவி
×,×
తెలుసుకోవాలంటే,தெரிந்து கொள்ள விரும்புகிறேன்
వ్రాసిన,எழுதப்பட்டது
కోసం,க்கு
మాకు,எங்களுக்கு
పిల్లలు,குழந்தைகள்
నిజం,உண்மை
అవసరం,தேவை
మాకు,எங்களுக்கு
పొడవు,நீளம்
లేదు,இல்லை.
అన్ని,அனைத்தும்
సూచనలు,வழிமுறைகள்
ప్రేక్షకులు,பார்வையாளர்கள்
మంచి,நல்லது
పెద్ద,பெரிய
సమాధానం,பதில்
చెప్పబడినది,கூறினார்
ఎక్కువ,மேலும்
చివరి,கடைசி
వాల్యూమ్,தொகுதி
భారత్,இந்தியா
విషయాలను,விஷயங்கள்
బాతు,வாத்து
మాట్లాడింది,பேசினார்
కలిసి,ஒன்றாக
నేడు,இன்று
మాత్రమే,மட்டும்
సులభమైన,எளிதானது
మీ,நான்
దయచేసి…,தயவுசெய்து…
లేదా,அல்லது
ప్రశ్న,கேள்வி
ఆలోచన,யோசனை
జరిగింది,நடந்தது
ఖచ్చితంగా,நிச்சயமாக
పూర్తికాని,அழைக்கப்படாதது
కాఫీ,காபி
ఇప్పటికే,ஏற்கனவே
వెళ్తుంది,போகும்
నాశములేనిది,அழிக்கப்பட்டது
రక్షించండి,பாதுகாக்க
ఇష్టం,போன்ற
ఇలా,போன்ற
ఏదీ,எதுவும்
ఈ,இது
కోసం,க்கு
చేయవచ్చు,செய்ய முடியும்
ఎందుకు,ஏன்
సహాయం,உதவி
చేయవచ్చు,செய்ய முடியும்
రోజు,நாள்
ఉంటుంది,இருக்கும்
మరింత,மேலும்
ఎక్స్టెన్షన్,நீட்டிப்பு
పారిశ్రామిక,தொழில்
సార్లు,முறை
అందుబాటులో,கிடைக்கிறது
సహాయపడగలను,உதவ முடியும்
ఉల్లంఘించారు,மீறப்பட்டது
ఒకే,அதே
ఆనందించండి,மகிழுங்கள்
చూడటం,பார்த்தால்
వృద్ధాప్యం,வயதான
శాశ్వత,நிரந்தர
చెడు,மோசமான
నిమిషాలు,நிமிடங்கள்
మీ,நான்
మరియు,மற்றும்
వెంట్రుక,முடி
ముందు,முன்
ఐదు,ஐந்து
కోణంలో,ஒரு கோணத்தில்
కోరుకుంటున్నారు,விரும்புகிறேன்
అన్ని,அனைத்தும்
మరో,மற்றொன்று
చెయ్యాలి,அதைச் செய்யுங்கள்
ఉద్యోగం,வேலை
క్రీమ్,கிரீம்
ఇది,இது
సంప్రదించండి,தொடர்பு
కలిగి,வேண்டும்
పంపడానికి,அனுப்ப
యొక్క,Of
మరియు,மற்றும்
ఏమి,என்ன செய்ய வேண்டும்
చనిపోయే,இறக்க
దయచేసి,தயவுசெய்து
పూర్తి,முழுமையானது
కో,கோ.
నుండి,இருந்து
చదవాలి,அதைப் படியுங்கள்
అతన్ని,அவர்
వ్యాఖ్యలు,கருத்துகள்
మీ,நான்
బాస్కెట్,கூடை
ఆశిస్తున్నాము,நம்பிக்கை
ఆట,விளையாட்டு
ఉన్నాడు,அவர்
చేయాలో,செய்ய
అదొక్కటే,அவ்வளவுதான்
అది,அவ்வளவுதான்
ఇప్పుడు,இப்போது
ఇప్పుడు,இப்போது
చేస్తున్నాను,நான் அதை செய்கிறேன்
తీవ్రంగా,தீவிரமாக
తప్పు,தவறு
గాని,గాని
కాదు,కాదు
వేగంగా,వేగంగా
కనుగొనేందుకు,కనుగొనేందుకు
తెలుసా,తెలుసా
కనుగొనేందుకు,కనుగొనేందుకు
కలిగి,కలిగి
మేము,మేము
వెంటెష్,వెంటెష్
ఎవరో,ఎవరో
పనికి,పనికి
ఇంగ్లీష్అరబిక్ఆఫ్రికాన్స్బెలరుశియన్బల్గేరియన్చైనీస్చెక్డానిష్డచ్ఫిన్నిష్ఫ్రెంచ్,ఇంగ్లీష్అరబిక్ఆఫ్రికాన్స్బెలరుశియన్బల్గేరియన్చైనీస్చెక్డానిష్డచ్ఫిన్నిష్ఫ్రెంచ్
వచ్చింది,వచ్చింది
మోసం,మోసం
ఈ,ఈ
వలయాలు,వలయాలు
అవసరం,అవసరం
కథనాన్ని,కథనాన్ని
సంస్థలు,సంస్థలు
ఫైనాన్స్,ఫైనాన్స్
బిట్,బిట్
దయచేసి,దయచేసి
నన్ను,నన్ను
ఈ,ఈ
అందమైన,అందమైన
వెళ్ళి,వెళ్ళి
రావాలనుకుంటున్నాను,రావాలనుకుంటున్నాను
మరిన్ని,మరిన్ని
దేవుని,దేవుని
ఎలా,ఎలా
వ్యాపార,వ్యాపార
ఎవరైనా,ఎవరైనా
ఇప్పుడు,ఇప్పుడు
మీకిదే,మీకిదే
నేడు,నేడు
తాజా,తాజా
కూడా,కూడా
ప్రయత్నించాలి,ప్రయత్నించాలి
ప్రేమిస్తున్న,ప్రేమిస్తున్న
సో,సో
సర్వ,సర్వ
తో,తో
నేను,నేను
అంచేత,అంచేత
దాని,దాని
ఏమి,ఏమి
చేశాం,చేశాం
ఉంది,ఉంది
ఏ,ఏ
ఉంటుంది,ఉంటుంది
ఈ,ఈ
వస్తున్నారా,వస్తున్నారా
ఇక్కడ,ఇక్కడ
జరుగవచ్చు,జరుగవచ్చు
సంప్రదించడానికి,సంప్రదించడానికి
యొక్క,యొక్క
దీనిని,దీనిని
ధన్యవాదాలు,ధన్యవాదాలు
ఎందుకు,ఎందుకు
మీరు,మీరు
మీరు,మీరు
మాకు,మాకు
దుకాణం,దుకాణం
సైట్,సైట్
నీ,నీ
నుండి,నుండి
ప్రోత్సహిస్తున్నారు,ప్రోత్సహిస్తున్నారు
మేము,మేము
కెనడాజర్మన్గ్రీక్హిబ్రూహిందీహంగేరియన్ఐస్లాండిక్ఇండోనేషియన్ఐరిష్ఇటాలియన్జపనీస్ఖ్మేర్కొరియన్లిథుయేనియన్మాల్టీస్నార్వేజియన్పోలిష్పోర్చుగీస్,కెనడాజర్మన్గ్రీక్హిబ్రూహిందీహంగేరియన్ఐస్లాండిక్ఇండోనేషియన్ఐరిష్ఇటాలియన్జపనీస్ఖ్మేర్కొరియన్లిథుయేనియన్మాల్టీస్నార్వేజియన్పోలిష్పోర్చుగీస్
మాకు,మాకు
లేదా,లేదా
ప్రశ్నలు,ప్రశ్నలు
కోసం,కోసం
అయ్యింది,అయ్యింది
రోజుకు,రోజుకు
చేస్తుంది,చేస్తుంది
వాటిలో,వాటిలో
కోసం,కోసం
మీతో,మీతో
ఇక్కడ,ఇక్కడ
మీరు,మీరు
వినండి,వినండి
ఎలా,ఎలా
ఇష్టపడవచ్చు,ఇష్టపడవచ్చు
కోసం,కోసం
ఎంచుకున్నావు,ఎంచుకున్నావు
దానిని,దానిని
వీలు,వీలు
అక్కడ,అక్కడ
శుభవార్త,శుభవార్త
మాకు,మాకు
నిజమా,నిజమా
అతనికి,అతనికి
దీని,దీని
మరచిపోలేదు,మరచిపోలేదు
ఆటో,ఆటో
తప్పక,తప్పక
చేయాలి,చేయాలి
ఏదైనా,ఏదైనా
వదిలి,వదిలి
ప్రత్యుత్తరం,ప్రత్యుత్తరం
మీరు,మీరు
మరియు,మరియు
చూడవద్దు,చూడవద్దు
పడుతుంది,పడుతుంది
హలో,హలో
ఆహార,ఆహార
ఆఫ్,ఆఫ్
వాల్యూమ్,వాల్యూమ్
దాన్ని,దాన్ని
తెలిసిన,తెలిసిన
మమ్మల్ని,మమ్మల్ని
ప్రచురణ,ప్రచురణ
ప్రత్యుత్తరం,ప్రత్యుత్తరం
→,→
లో,లో
మీకు,మీకు
మీరు,మీరు
కావలసిన,కావలసిన
చేయండి,చేయండి
సిద్ధంగా,సిద్ధంగా
మాత్రమే,మాత్రమే
లేదు,లేదు
మీరు,మీరు
ఉన్నాయి,ఉన్నాయి
నిజంగా,నిజంగా
కట్టుబడి,కట్టుబడి
లేదు,లేదు
ఉంటే,ఉంటే
ఆ,ఆ
ఏమంటున్నారు,ఏమంటున్నారు
మొత్తం,మొత్తం
ఆనందించండి,ఆనందించండి
బరువు,బరువు
ఖరీదైనది,ఖరీదైనది
మాకు,మాకు
చదివిన,చదివిన
ఉంటే,ఉంటే
కాశీ,కాశీ
ఎవరైనా,ఎవరైనా
మార్గం,మార్గం
ఈ,ఈ
రోజు,రోజు
వస్తున్నారా,వస్తున్నారా
యొక్క,యొక్క
ప్రారంభించడానికి,ప్రారంభించడానికి
ఉంటే,ఉంటే
కాల్,కాల్
చేయగలరు,చేయగలరు
ఎక్కడి,ఎక్కడి
కర్ల్,కర్ల్
మెయిల్,మెయిల్
నెలలు,నెలలు
మరియు,మరియు
మరియు,మరియు
మాట్లాడాలనుకుంటున్నాను,మాట్లాడాలనుకుంటున్నాను
ఆసక్తికి,ఆసక్తికి
ఆశ్చర్యపోవచ్చు,ఆశ్చర్యపోవచ్చు
అప్పుడు,అప్పుడు
లో,లో
నమ్మలేకపోతున్నారా,నమ్మలేకపోతున్నారా
మరియు,మరియు
ఉండండి,ఉండండి
మేము,మేము
విషయాలు,విషయాలు
ప్రేమ,ప్రేమ
మేము,మేము
కాస్త,కాస్త
ప్రయత్నించలేదు,ప్రయత్నించలేదు
ఇమెయిల్,ఇమెయిల్
దయచేసి,దయచేసి
ఎందుకు,ఎందుకు
కూడా,కూడా
తిరిగి,తిరిగి
చెబుతాను,చెబుతాను
ప్రారంభం,ప్రారంభం
మరియు,మరియు
మొదటి,మొదటి
ఉత్పత్తులు,ఉత్పత్తులు
ఆలోచనలు,ఆలోచనలు
సమస్య,సమస్య
మరియు,మరియు
ఉంటుంది,ఉంటుంది
ప్రపంచ,ప్రపంచ
ఇక్కడ,ఇక్కడ
ఏమిటి,ఏమిటి
చెల్లించవచ్చు,చెల్లించవచ్చు
అవసరం,అవసరం
కోసం,కోసం
సమాచారాన్ని,సమాచారాన్ని
షాపింగ్,షాపింగ్
సహాయం,సహాయం
€,€
దేనిని,దేనిని
లేదు,లేదు
ఎల్లప్పుడూ,ఎల్లప్పుడూ
ఎంత,ఎంత
మతపరమైన,మతపరమైన
జీవితంలోని,జీవితంలోని
రక్షణ,రక్షణ
మార్చండి,మార్చండి
దశలో,దశలో
పెరుగుతున్న,పెరుగుతున్న
ఉంది,ఉంది
ఖర్చు,ఖర్చు
దయచేసి,దయచేసి
నాకు,నాకు
నాతో,నాతో
గేమ్స్,గేమ్స్
వచ్చింది,వచ్చింది
స్నేహం,స్నేహం
అలా,అలా
వారు,వారు
సంప్రదించండి,సంప్రదించండి
బాక్స్,బాక్స్
సిద్ధంగా,సిద్ధంగా
తెలుసు,తెలుసు
మంచి,మంచి
పొందుతారు,పొందుతారు
దుబాయ్,దుబాయ్
వారు,వారు
తం,తం
సమయం,సమయం
నీకు,నీకు
అనుసరించండి,అనుసరించండి
లేదు,లేదు
పార్క్,పార్క్
మీరు,మీరు
కు,కు
సహాయం,సహాయం
ప్రీఫిన్డ్,ప్రీఫిన్డ్
ఎలా,ఎలా
ఏదో,ఏదో
ఉద్యోగులు,ఉద్యోగులు
కర్ల్,కర్ల్
తెలివైన,తెలివైన
నిజంగా,నిజంగా
మతం,మతం
న్యూ,న్యూ
ఇంకా,ఇంకా
జేబులో,జేబులో
అన్ని,అన్ని
మా,మా
జరిగింది,జరిగింది
తెలియజేయండి,తెలియజేయండి
ఎలా,ఎలా
మీరు,మీరు
“ఈ,“ఈ
దేవుని,దేవుని
ఉంది,ఉంది
సమాచారం,సమాచారం
కాదా,కాదా
పంపండి,పంపండి
ఈ,ఈ
పాఠశాలకు,పాఠశాలకు
మరియు,మరియు
అదా,అదా
ఏమి,ఏమి
నేను,నేను
గంటలు,గంటలు
ప్రశ్న,ప్రశ్న
చెల్లించే,చెల్లించే
సులభమా,సులభమా
సమస్యలను,సమస్యలను
దయచేసి,దయచేసి
నీళ్లు,నీళ్లు
రోజును,రోజును
వచ్చారు,వచ్చారు
డబ్బు,డబ్బు
ఇతర,ఇతర
ఈ,ఈ
ఉదయం,ఉదయం
అన్ని,అన్ని
ద్వారా,ద్వారా
సహాయపడగలను,సహాయపడగలను
మరింత,మరింత
అవును,అవును
ప్యాకేజీ,ప్యాకేజీ
మీ,మీ
అది,అది
మీరు,మీరు
ప్రశ్న,ప్రశ్న
ఓవర్లాకింగ్,ఓవర్లాకింగ్
టాటూలను,టాటూలను
ఏమి,ఏమి
మిస్లేలొడ్,మిస్లేలొడ్
మళ్లీ,మళ్లీ
నేరుగా,నేరుగా
వాల్యూమ్,వాల్యూమ్
అనుసరించండి,అనుసరించండి
అవును,అవును
లేదా,లేదా
పండు,పండు
సంప్రదించాలి,సంప్రదించాలి
మాకు,మాకు
దీని,దీని
ఏమి,ఏమి
ఆహ్,ఆహ్
ఎందుకు,ఎందుకు
కోడ్‌లను,కోడ్‌లను
ఫిబ్రవరి,ఫిబ్రవరి
కంటే,కంటే
లేదు,లేదు
కేవలం,కేవలం
కోసం,కోసం
దయచేసి,దయచేసి
ఇప్పుడేం,ఇప్పుడేం
హోమ్,హోమ్
వచ్చానని,వచ్చానని
చేయాలనుకుంటున్నారా,చేయాలనుకుంటున్నారా
మీకు,మీకు
ముందుగా,ముందుగా
సమాచారం,సమాచారం
దాని,దాని
మీరు,మీరు
హాట్లైన్ను,హాట్లైన్ను
కోసం,కోసం
ప్రీఫెనెడ్,ప్రీఫెనెడ్
ఎక్కువ,ఎక్కువ
టచ్,టచ్
వెంట్రుష్,వెంట్రుష్
ప్రేమిస్తున్న,ప్రేమిస్తున్న
ఆచారాలు,ఆచారాలు
సమాధానాల,సమాధానాల
చేస్తున్నాను,చేస్తున్నాను
మరింత,మరింత
కాదు,కాదు
విన్న,విన్న
కారణం,కారణం
ప్రయాణించడానికి,ప్రయాణించడానికి
అయితే,అయితే
క్షణం,క్షణం
నా,నా
మరియు,మరియు
చేయలేదు,చేయలేదు
ఎప్పుడు,ఎప్పుడు
కాబట్టి,కాబట్టి
చెబుతున్నారు,చెబుతున్నారు
ä,ä
మేము,మేము
ఇండస్ట్రియల్,ఇండస్ట్రియల్
అలాంటి,అలాంటి
మాకు,మాకు
ఒకసారి,ఒకసారి
ఇక్కడే,ఇక్కడే
చెప్పి,చెప్పి
తక్కువ,తక్కువ
మీరు,మీరు
ఉన్నారు,ఉన్నారు
మరిన్ని,మరిన్ని
కాల్,కాల్
మీ,మీ
మొదలుపెట్టగలను,మొదలుపెట్టగలను
మాకు,మాకు
ఛానల్,ఛానల్
మేము,మేము
వ్యాఖ్యను,వ్యాఖ్యను
దయచేసి,దయచేసి
సహాయం,సహాయం
బీరును,బీరును
మా,మా
మేము,మేము
పొడవును,పొడవును
ఎల్లప్పుడూ,ఎల్లప్పుడూ
సంవత్సరం,సంవత్సరం
స్వాగతం,స్వాగతం
కోసం,కోసం
మార్పిడి,మార్పిడి
అలా,అలా
తండ్రులు,తండ్రులు
గ్రహించాను,గ్రహించాను
ప్రతి,ప్రతి
ప్రపంచం,ప్రపంచం
వాల్యూమ్,వాల్యూమ్
ఎందుకంటే,ఎందుకంటే
ఎక్స్టెన్షన్స్,ఎక్స్టెన్షన్స్
మొదట,మొదట
తండ్రి,తండ్రి
లేకుండా,లేకుండా
భారం,భారం
దయచేసి,దయచేసి
వాటిని,వాటిని
అర్థం,అర్థం
ఏం,ఏం
ఆలోచిస్తున్నారా,ఆలోచిస్తున్నారా
దీని,దీని
వివరించారు,వివరించారు
సమయం,సమయం
నివేదించండి,నివేదించండి
న్యూ,న్యూ
అర్థం,అర్థం
సమీప,సమీప
గుండె,గుండె
మీరు,మీరు
తరువాత,తరువాత
వెంట్రుష్,వెంట్రుష్
ఇప్పటికీ,ఇప్పటికీ
ఉండాలా,ఉండాలా
రీడర్లకు,రీడర్లకు
తెలుసు,తెలుసు
అవుతుంది,అవుతుంది
ఇంటి,ఇంటి
కావచ్చు,కావచ్చు
చేయలేదా,చేయలేదా
ధన్యవాదాలు,ధన్యవాదాలు
మీ,మీ
ఎలా,ఎలా
గుర్తు,గుర్తు
రోజూ,రోజూ
చదవండి,చదవండి
నాకు,నాకు
కోరుకోలేదు,కోరుకోలేదు
ఏమిటి,ఏమిటి
అందరికీ,అందరికీ
సురక్షితం,సురక్షితం
ఇస్తాము,ఇస్తాము
మే,మే
సంఖ్య,సంఖ్య
ఎలా,ఎలా
పేజీ,పేజీ
చూస్తున్నావు,చూస్తున్నావు
మీకు,మీకు
స్థానానికి,స్థానానికి
ఏవిధంగా,ఏవిధంగా
అది,అది
నాతో,నాతో
రోజు,రోజు
నీకు,నీకు
బృందాన్ని,బృందాన్ని
ఎందుకు,ఎందుకు
భయం,భయం
ఉన్నాను,ఉన్నాను
యొక్క,యొక్క
స్మైల్,స్మైల్
సేవ్,సేవ్
సాధ్యం,సాధ్యం
ఉండండి,ఉండండి
పరిరక్షణకు,పరిరక్షణకు
కలుస్తారా,కలుస్తారా
ఎంతసేపు,ఎంతసేపు
నాశనం,నాశనం
మెక్సికోస్పానిష్,మెక్సికోస్పానిష్
సమస్య,సమస్య
మేము,మేము
రేపు,రేపు
టికెట్లు,టికెట్లు
సాధ్యమే,సాధ్యమే
ప్రపంచ,ప్రపంచ
వెళ్ళతారు,వెళ్ళతారు
సంబంధాలు,సంబంధాలు
ఉపయోగపడే,ఉపయోగపడే
ఉంటుంది,ఉంటుంది
—,—
పని,పని
ఏమిటి,ఏమిటి
ఫీజు,ఫీజు
నువ్వు,నువ్వు
పరిష్కరించాలో,పరిష్కరించాలో
ఏమి,ఏమి
అతని,అతని
మేము,మేము
ఉన్నారు,ఉన్నారు
నన్ను,నన్ను
వచ్చినప్పుడు,వచ్చినప్పుడు
ఇష్టం,ఇష్టం
దొరకదు,దొరకదు
వదిలి,వదిలి
ఏమి,ఏమి
తుది,తుది
కరల్,కరల్
ఎందుకు,ఎందుకు
ఏమిటి,ఏమిటి
ఎల్లప్పుడూ,ఎల్లప్పుడూ
వెంట్రుష్,వెంట్రుష్
ఇయర్,ఇయర్
ఎందుకు,ఎందుకు
జంతువులు,జంతువులు
స్వాగతం,స్వాగతం
నేడు,నేడు
వెళ్తున్నావు,వెళ్తున్నావు
ఎలా,ఎలా
మేము,మేము
ఈ,ఈ
పరిష్కారం,పరిష్కారం
మాకు,మాకు
సమాధానాన్ని,సమాధానాన్ని
మర్చిపోను,మర్చిపోను
పరీక్షించడానికి,పరీక్షించడానికి
సహాయం,సహాయం
దాన్ని,దాన్ని
అసలు,అసలు
పుట్టిన,పుట్టిన
డెలివరీ,డెలివరీ
ఉందా,ఉందా
ఆనందించారు,ఆనందించారు
తెలుసని,తెలుసని
అనుకుంటున్నారా,అనుకుంటున్నారా
ఎక్కడైనా,ఎక్కడైనా
మనము,మనము
మేము,మేము
ముందుగానే,ముందుగానే
వినడానికి,వినడానికి
శోధించండి,శోధించండి
ఉంది,ఉంది
ప్రయాణించండి,ప్రయాణించండి
అతను,అతను
ఆహు,ఆహు
కోసం,కోసం
సైట్,సైట్
సమాధానం,సమాధానం
ఉంటే,ఉంటే
సందేశాన్ని,సందేశాన్ని
కావాలి,కావాలి
సమీక్షలు,సమీక్షలు
ఆశిస్తున్నాము,ఆశిస్తున్నాము
మీకు,మీకు
సమయంలో,సమయంలో
ఎవరు,ఎవరు
వద్ద,వద్ద
సహాయపడుతుంది,సహాయపడుతుంది
వచ్చింది,వచ్చింది
సాధారణంగా,సాధారణంగా
మనిషి,మనిషి
ప్రేమిస్తున్నావా,ప్రేమిస్తున్నావా
సంతోషంగా,సంతోషంగా
సోదరుడు,సోదరుడు
అనుభూతి,అనుభూతి
సంప్రదించండి,సంప్రదించండి
వాల్యూమ్,వాల్యూమ్
సూత్రాలను,సూత్రాలను
వంటి,వంటి
మమ్మల్ని,మమ్మల్ని
అందించే,అందించే
ఖచ్చితంగా,ఖచ్చితంగా
చేసినది,చేసినది
సిడాక్,సిడాక్
తరలించడానికి,తరలించడానికి
వేచి,వేచి
కనిపించడం,కనిపించడం
చేసినట్లయితే,చేసినట్లయితే
విజయ్,విజయ్
విషయం,విషయం
దయచేసి,దయచేసి
కొన్ని,కొన్ని
కర్ల్,కర్ల్
వివరాలు,వివరాలు
మీ,మీ
విభాగాలు,విభాగాలు
అవసరాల,అవసరాల
మీ,మీ
నిజం,నిజం
చేస్తున్నాడు,చేస్తున్నాడు
అవసరమైన,అవసరమైన
చెప్పడానికి,చెప్పడానికి
ఇప్పుడు,ఇప్పుడు
మీరు,మీరు
తో,తో
విధంగా,విధంగా
మీరు,మీరు
ఏప్రిల్,ఏప్రిల్
ఉపయోగించండి,ఉపయోగించండి
సేవ్,సేవ్
చాలా,చాలా
స్పెయిన్స్వాహిలిస్వీడిష్తమిళథాయ్టర్కిష్ఉక్రేనియన్వియత్నామీస్,స్పెయిన్స్వాహిలిస్వీడిష్తమిళథాయ్టర్కిష్ఉక్రేనియన్వియత్నామీస్
చేయవచ్చు,చేయవచ్చు
కనిపిస్తోంది,కనిపిస్తోంది
అందరూ,అందరూ
కోసం,కోసం
మాకు,మాకు
నిజంగా,నిజంగా
కోరుకునేది,కోరుకునేది
కంపెనీ,కంపెనీ
మద్దతు,మద్దతు
తనిఖీ,తనిఖీ
కలిగి,కలిగి
ఎవరో,ఎవరో
పని,పని
ముందుకు,ముందుకు
ఎంత,ఎంత
ఏ,ఏ
డ్రాయింగ్,డ్రాయింగ్
టాబ్,టాబ్
తెలివిగా,తెలివిగా
ఏ,ఏ
అయితే,అయితే
తక్కువ,తక్కువ
ద్వారా,ద్వారా
వెతుకుతున్నది,వెతుకుతున్నది
ఇవ్వండి,ఇవ్వండి
ముఖ్యమైన,ముఖ్యమైన
చేసాము,చేసాము
తిరిగి,తిరిగి
వెంట,వెంట
ఎవరైనా,ఎవరైనా
చూడగలరు,చూడగలరు
వివాహం,వివాహం
లోపల,లోపల
ఎంత,ఎంత
సగటు,సగటు
మాట్,మాట్
డిసెంబర్,డిసెంబర్
ఎంచుకోండి,ఎంచుకోండి
వావ్,వావ్
ఆలోచనను,ఆలోచనను
ఏ,ఏ
మర్చిపోయావా,మర్చిపోయావా
ఆ,ఆ
భాషను,భాషను
ఆమె,ఆమె
నెంబర్,నెంబర్
మీతో,మీతో
మరియు,మరియు
చూడగలరు,చూడగలరు
గంట,గంట
టచ్,టచ్
మీరు,మీరు
అంశాలు,అంశాలు
మనస్సు,మనస్సు
సందేశం,సందేశం
డ్రీం,డ్రీం
ఈ,ఈ
ఏం,ఏం
అవసరం,అవసరం
సరైన,సరైన
చేసిన,చేసిన
ప్రతి,ప్రతి
ఉన్నాయా,ఉన్నాయా
ఏమి,ఏమి
క్రితం,క్రితం
మీరు,మీరు
కానీ,కానీ
ప్రీఫిన్డ్,ప్రీఫిన్డ్
ఒక,ఒక
కోసం,కోసం
మీకు,మీకు
బాధ,బాధ
వెళ్ళి,వెళ్ళి
లేదు,లేదు
నచ్చదు,నచ్చదు
ఏమి,ఏమి
తర్వాత,తర్వాత
అన్ని,అన్ని
ఇష్టం,ఇష్టం
అతను,అతను
మళ్ళీ,మళ్ళీ
శాంతి,శాంతి
వదిలివేయండి,వదిలివేయండి
సహకార,సహకార
ఇక్కడ,ఇక్కడ
స్నేహితులకు,స్నేహితులకు
సంప్రదించండి,సంప్రదించండి
ప్రాయోజకులు,ప్రాయోజకులు
ధర,ధర
స్కైప్,స్కైప్
అన్ని,అన్ని
ప్రశ్నలు,ప్రశ్నలు
వద్ద,వద్ద
అలా,అలా
ఇక్కడ,ఇక్కడ
కోసం,కోసం
కోడ్,కోడ్
చాలా,చాలా
విశ్వాసం,విశ్వాసం
సహాయాన్ని,సహాయాన్ని
వార్తలు,వార్తలు
సహాయపడతామో,సహాయపడతామో
ఐస్,ఐస్
నాకు,నాకు
మీకు,మీకు
అనుకూలంగా,అనుకూలంగా
చైనా,చైనా
పొడవును,పొడవును
ఆపడానికి,ఆపడానికి
సేవ,సేవ
టెక్నాలజీస్,టెక్నాలజీస్
ఏ,ఏ
ఈ,ఈ
అర్థం,అర్థం
ఎక్కువ,ఎక్కువ
మే,మే
తెలుసు,తెలుసు
ప్రారంభించడానికి,ప్రారంభించడానికి
అని,అని
అన్ని,అన్ని
కావాలా,కావాలా
వంటి,వంటి
రోజు,రోజు
పరిష్కరించడానికి,పరిష్కరించడానికి
కలవాలనుకుంటున్నాను,కలవాలనుకుంటున్నాను
వినోదం,వినోదం
మంచిగా,మంచిగా
ప్రీఫెకెన్డ్,ప్రీఫెకెన్డ్
మరియు,మరియు
వద్ద,వద్ద
చివరి,చివరి
ఉంటే,ఉంటే
అయితే,అయితే
భిన్నంగా,భిన్నంగా
షెన్జెన్,షెన్జెన్
నాతో,నాతో
ఉండటానికి,ఉండటానికి
చాలా,చాలా
మీకు,మీకు
ఉండాలి,ఉండాలి
నాకు,నాకు
హెబ్రీయులు,హెబ్రీయులు
మధ్య,మధ్య
అవసరమైన,అవసరమైన
ఉంది,ఉంది
చేద్దాము,చేద్దాము
హౌసింగ్,హౌసింగ్
ఇష్టపడుతున్నాను,ఇష్టపడుతున్నాను
చిరునామాలు,చిరునామాలు
కోరుకున్నది,కోరుకున్నది
రోజుల,రోజుల
వచ్చాం,వచ్చాం
క్రింద,క్రింద
కు,కు
మరియు,మరియు
హలో,హలో
ఎందుకు,ఎందుకు
చూడండి,చూడండి
పదాలను,పదాలను
కోసం,కోసం
కంటే,కంటే
కలిగి,కలిగి
ఇతరులను,ఇతరులను
మాతో,మాతో
విచిత్రమైనది,విచిత్రమైనది
కాదు,కాదు
మీరు,మీరు
సమాచారం,సమాచారం
ఆలోచన,ఆలోచన
వ్యాఖ్యలు,వ్యాఖ్యలు
స్పెసిఫికేషన్,స్పెసిఫికేషన్
ఫ్యాక్స్,ఫ్యాక్స్
ఆమె,ఆమె
శ్రద్ధతో,శ్రద్ధతో
పొందండి,పొందండి
ఇతర,ఇతర
ఎందుకు,ఎందుకు
చర్మ,చర్మ
దయచేసి,దయచేసి
ఈ,ఈ
న,న
గుర్తించడం,గుర్తించడం
మేము,మేము
ఏమిటి,ఏమిటి
ఎలా,ఎలా
ముఖ్యమైనది,ముఖ్యమైనది
ఆలోచన,ఆలోచన
లెట్,లెట్
తెలివైన,తెలివైన
వ్యక్తి,వ్యక్తి
ధన్యవాదాలు,ధన్యవాదాలు
రవాణా,రవాణా
పేరు,పేరు
పొందాయి,పొందాయి
భవిష్యత్తులో,భవిష్యత్తులో
కేవలం,కేవలం
అయితే,అయితే
సేవ్,సేవ్
కంటే,కంటే
పరీక్ష,పరీక్ష
ఏమిటి,ఏమిటి
బాగా,బాగా
…,…
ఎవరు,ఎవరు
మరియు,మరియు
మరియు,మరియు
కోసం,కోసం
వదిలి,వదిలి
ఇష్టం,ఇష్టం
రహస్య,రహస్య
వ్యక్తులు,వ్యక్తులు
చూసిన,చూసిన
వద్ద,వద్ద
మేము,మేము
ఒక,ఒక
ఇక్కడకు,ఇక్కడకు
ప్లగ్ఇన్,ప్లగ్ఇన్
మంచి,మంచి
ప్రేమిస్తున్నానో,ప్రేమిస్తున్నానో
మార్చగలదు,మార్చగలదు
మేము,మేము
గురించి,గురించి
ఎప్పుడూ,ఎప్పుడూ
మరియు,మరియు
ఎలా,ఎలా
సంతోషంగా,సంతోషంగా
రెండు,రెండు
మీతో,మీతో
చదవాలనుకుంటున్న,చదవాలనుకుంటున్న
కానీ,కానీ
అదే,అదే
చెడు,చెడు
సెప్టెంబర్,సెప్టెంబర్
కారు,కారు
ఎలా”,ఎలా”
అన్ని,అన్ని
విధంగా,విధంగా
“తిరిగి”,“తిరిగి”
ఎత్తున,ఎత్తున
మా,మా
ఆనందించండి,ఆనందించండి
తినాలి,తినాలి
మనోహరమైన,మనోహరమైన
పొడిగింపులు,పొడిగింపులు
ఒక,ఒక
సహాయాన్ని,సహాయాన్ని
మీకోసం,మీకోసం
ఎవరిని,ఎవరిని
ఈ,ఈ
పొంది,పొంది
ఉన్నారా,ఉన్నారా
మీ,మీ
సంవత్సరము,సంవత్సరము
పని,పని
కన్నా,కన్నా
చేయగలరా,చేయగలరా
చాలా,చాలా
తెలియబడినది,తెలియబడినది
అమ్మాయి,అమ్మాయి
సమస్యలు,సమస్యలు
ఇష్టం,ఇష్టం
రకమైన,రకమైన
ఇది,ఇది
సంప్రదించడానికి,సంప్రదించడానికి
ఏమిటంటే,ఏమిటంటే
దేవుడు,దేవుడు
ఏమిటో,ఏమిటో
కొత్త,కొత్త
కథ,కథ
విలపించడం,విలపించడం
ఎటు,ఎటు
మీరు,మీరు
ఇప్పడు,ఇప్పడు
ప్యాకేజీ,ప్యాకేజీ
ప్రత్యుత్తరం,ప్రత్యుత్తరం
చాలా,చాలా
జస్ట్,జస్ట్
ఆందోళనలు,ఆందోళనలు
డాడీ,డాడీ
చెప్పారు,చెప్పారు
ఇప్పటివరకు,ఇప్పటివరకు
ప్రీఫిన్డ్,ప్రీఫిన్డ్
సంవత్సరాల,సంవత్సరాల
మరియు,మరియు
వేచి,వేచి
ఉంటుంది,ఉంటుంది
కోసం,కోసం
మేము,మేము
తెరిచినవి,తెరిచినవి
చెయ్యగలరు,చెయ్యగలరు
డిసెంబర్,డిసెంబర్
నాశనం,నాశనం
వేదన,వేదన
కావాలి,కావాలి
వంటి,వంటి
ప్రణాళిక,ప్రణాళిక
నిమిషాలు,నిమిషాలు
ఏవైనా,ఏవైనా
దేనికోసం,దేనికోసం
ప్రాంతాలు,ప్రాంతాలు
ఇప్పుడు,ఇప్పుడు
కొనుగోలు,కొనుగోలు
సెప్టెంబర్,సెప్టెంబర్
ప్రేమిస్తున్నాను,ప్రేమిస్తున్నాను
మీ,మీ
మేము,మేము
పర్యావరణ,పర్యావరణ
వెంటెష్,వెంటెష్
పొడవుగా,పొడవుగా
ఎలా,ఎలా
ఫోన్లు,ఫోన్లు
యెదుట,యెదుట
విచారణ,విచారణ
అవును,అవును
నోట్,నోట్
సురక్షితం,సురక్షితం
వేద,వేద
పోస్ట్లు,పోస్ట్లు
వేచి,వేచి
చివరి,చివరి
కలిసే,కలిసే
వ్యాఖ్య,వ్యాఖ్య
అప్పుడు,అప్పుడు
సంతకం,సంతకం
చూడాలనుకుంటున్నాను,చూడాలనుకుంటున్నాను
చేస్తున్నారు,చేస్తున్నారు
అభినందిస్తున్నాను,అభినందిస్తున్నాను
చెప్పిన,చెప్పిన
మళ్ళీ,మళ్ళీ
తనిఖీ,తనిఖీ
ఉద్యోగులు,ఉద్యోగులు
నాకు,నాకు
సహకరించిన,సహకరించిన
డేస్,డేస్
పెద్ద,పెద్ద
మనిషి,మనిషి
తక్కువగా,తక్కువగా
కమింగ్,కమింగ్
చేస్తాను,చేస్తాను
నిజాయితీగా,నిజాయితీగా
చేయాల్సి,చేయాల్సి
మీరు,మీరు
నొప్పి,నొప్పి
అన్ని,అన్ని
వర్తిస్తాయి,వర్తిస్తాయి
స్వాగతం,స్వాగతం
బైబిలు,బైబిలు
చేయండి,చేయండి
సహాయపడుతుందని,సహాయపడుతుందని
మిలియన్,మిలియన్
గంటల్లో,గంటల్లో
పోస్ట్,పోస్ట్
చేయగలను,చేయగలను
కమ్,కమ్
చాలా,చాలా
కావచ్చు,కావచ్చు
సంవత్సరాల,సంవత్సరాల
వాల్యూమ్,వాల్యూమ్
అందం,అందం
నిజంగా,నిజంగా
మాత్రమే,మాత్రమే
ఫోన్,ఫోన్
మనం,మనం
ప్రయత్నించండి,ప్రయత్నించండి
చేస్తున్నారో,చేస్తున్నారో
ఇక్కడ,ఇక్కడ
వెళ్లాను,వెళ్లాను
ఈ,ఈ
ఓపెన్,ఓపెన్
ఒక,ఒక
మీరు,మీరు
నుండి,నుండి
ప్రశ్నలు,ప్రశ్నలు
మీ,మీ
ఎలా,ఎలా
సంకోచించకండి,సంకోచించకండి
ఏ,ఏ
కొన్ని,కొన్ని
జీవితకాలంలో,జీవితకాలంలో
అవి,అవి
అర్థం,అర్థం
అందంగా,అందంగా
ఏమి,ఏమి
అనుకుంటున్నారు,అనుకుంటున్నారు
తాగుతావా,తాగుతావా
ఇప్పుడు,ఇప్పుడు
సమస్య,సమస్య
ఫోన్,ఫోన్
సులభంగా,సులభంగా
ఇంటికి,ఇంటికి
దయచేసి,దయచేసి
పంపండి,పంపండి
చేసిన,చేసిన
వెళ్ళారు,వెళ్ళారు
ఎక్కడ,ఎక్కడ
ఎలా,ఎలా
చేసింది,చేసింది
వాసన,వాసన
టచ్,టచ్
చిత్రాలు,చిత్రాలు
ఎక్స్పెవెన్టిన్,ఎక్స్పెవెన్టిన్
కంటే,కంటే
ఎంత,ఎంత
మొత్తం,మొత్తం
ఒక,ఒక
ఎలా,ఎలా
ఉన్నాయి,ఉన్నాయి
ఇతరుల,ఇతరుల
ఎక్కడ,ఎక్కడ
దేవుని,దేవుని
ప్రత్యేకించబడ్డాయి,ప్రత్యేకించబడ్డాయి
నేను,నేను
వీడియో,వీడియో
సైట్,సైట్
చేస్తుంది,చేస్తుంది
ఉత్తమ,ఉత్తమ
సమయం,సమయం
వెంటనే,వెంటనే
వెళ్ళవచ్చు,వెళ్ళవచ్చు
ప్రారంభ,ప్రారంభ
మరింత,మరింత
వివాహం,వివాహం
పరిష్కారాలను,పరిష్కారాలను
హా,హా
చెప్పుంటే,చెప్పుంటే
సమస్యలు,సమస్యలు
మీరు,మీరు
తనకు,తనకు
ఊహించండి,ఊహించండి
చదవండి,చదవండి
పెట్టుకో,పెట్టుకో
సిద్ధమా,సిద్ధమా
వద్ద,వద్ద
సమాధానం,సమాధానం
ఇతి,ఇతి
మీ,మీ
ఎందుకు,ఎందుకు
పుస్తకాలు,పుస్తకాలు
ఇది,ఇది
ప్రపంచంలో,ప్రపంచంలో
గుర్తు,గుర్తు
ప్రతి,ప్రతి
ఏం,ఏం
మొదటి,మొదటి
హక్కులూ,హక్కులూ
యొక్క,యొక్క
మీరు,మీరు
లాగా,లాగా
ఎలా,ఎలా
ఆమె,ఆమె
ఎలా,ఎలా
సహాయం,సహాయం
దయను,దయను
సంఖ్య,సంఖ్య
కయాకింగ్,కయాకింగ్
పండులో,పండులో
అవుతోంది,అవుతోంది
కోసం,కోసం
అక్కడ,అక్కడ
సరాసరి,సరాసరి
లోడ్,లోడ్
సూచించండి,సూచించండి
ఉన్నారు,ఉన్నారు
జీవితాన్ని,జీవితాన్ని
మాతో,మాతో
పరిష్కారం,పరిష్కారం
దయచేసి,దయచేసి
మిస్లాండోడ్,మిస్లాండోడ్
క్రితం,క్రితం
దేవుడు,దేవుడు
అవకాశాలు,అవకాశాలు
వెబ్సైట్,వెబ్సైట్
నీవు,నీవు
హా,హా
అడ్మిషన్,అడ్మిషన్
ఇంకా,ఇంకా
భద్రతా,భద్రతా
కొనుగోలు,కొనుగోలు
న,న
మ్యాప్,మ్యాప్
మేము,మేము
మరియు,మరియు
చేయగలరా,చేయగలరా
వ్యక్తముకానిది,వ్యక్తముకానిది
వంటి,వంటి
ఇప్పుడు,ఇప్పుడు
దీనిని,దీనిని
మాకు,మాకు
చేస్తుంది,చేస్తుంది
ప్రేమిస్తాను,ప్రేమిస్తాను
ఏర్పాటు,ఏర్పాటు
పొందండి,పొందండి
ఆగిపోతుంది,ఆగిపోతుంది
క్లిక్,క్లిక్
మానవులు,మానవులు
ఈ,ఈ
సంబంధించి,సంబంధించి
ఎంత,ఎంత
చెడు,చెడు
ఎందుకు,ఎందుకు
కూర్చుని,కూర్చుని
మీరు,మీరు
రావటం,రావటం
అడగడానికి,అడగడానికి
ఎవరైనా,ఎవరైనా
నేను,నేను
మొదటిసారా,మొదటిసారా
మిస్లాండోడ్,మిస్లాండోడ్
ఎక్స్టెన్షన్,ఎక్స్టెన్షన్
పనిచేస్తున్నారు,పనిచేస్తున్నారు
మీరు,మీరు
పొందడానికి,పొందడానికి
బహుమతులు,బహుమతులు
విషయం,విషయం
సంవత్సరాల,సంవత్సరాల
నిశ్శబ్ద,నిశ్శబ్ద
ఎంతకాలం,ఎంతకాలం
ఏ,ఏ
అతను,అతను
తెలుసుకోవడానికి,తెలుసుకోవడానికి
ఇస్తుంది,ఇస్తుంది
ఎదురు,ఎదురు
ఖాళీగా,ఖాళీగా
చేరండి,చేరండి
మాకు,మాకు
భోజనం,భోజనం
విన్నాను,విన్నాను
మాకు,మాకు
ది,ది
సెప్టెంబర్,సెప్టెంబర్
విచారణ,విచారణ
కాని,కాని
దయచేసి,దయచేసి
ప్రశ్నలను,ప్రశ్నలను
మనిషి,మనిషి
సంప్రదించండి,సంప్రదించండి
ఈ,ఈ
లేవు,లేవు
మీరు,మీరు
న,న
మెచ్చుకుంటున్నాను,మెచ్చుకుంటున్నాను
బ్రెజిల్పోర్చుగీస్,బ్రెజిల్పోర్చుగీస్
దేవునికి,దేవునికి
న,న
మిస్లేలొడ్,మిస్లేలొడ్
సమయం,సమయం
మేము,మేము
యొక్క,యొక్క
వచ్చింది,వచ్చింది
వెంటనే,వెంటనే
పఠనం,పఠనం
రోజు,రోజు
కాబట్టి,కాబట్టి
ఉన్నారు,ఉన్నారు
లు,లు
ఇంటిలో,ఇంటిలో
కాదు,కాదు
ఇక్కడ,ఇక్కడ
తేదీ,తేదీ
పదార్థం,పదార్థం
ఉంటాను,ఉంటాను
ఆశిస్తున్నాను,ఆశిస్తున్నాను
నాకు,నాకు
ఎక్కడికి,ఎక్కడికి
శాతం,శాతం
భారతదేశానికి,భారతదేశానికి
గంట,గంట
ఆశిస్తున్నాము,ఆశిస్తున్నాము
గొప్ప,గొప్ప
వెళ్ళదలుచుకున్నావు,వెళ్ళదలుచుకున్నావు
వెతుకుతున్నా,వెతుకుతున్నా
నా,నా
చెప్పావు,చెప్పావు
ఏ,ఏ
దయచేసి,దయచేసి
మేము,మేము
సాధనం,సాధనం
మేము,మేము
తప్పు,తప్పు
ఈ,ఈ
ఎప్పుడూ,ఎప్పుడూ
ఇప్పటికీ,ఇప్పటికీ
ఒక,ఒక
కోసం,కోసం
వారితో,వారితో
నాన్న,నాన్న
ఇస్తున్నది,ఇస్తున్నది
గురించి,గురించి
సహాయం,సహాయం
మొదటిది,మొదటిది
వేచి,వేచి
మరియు,మరియు
పని,పని
అన్ని,అన్ని
బహిర్గతం,బహిర్గతం
నా,నా
స్వాగతం,స్వాగతం
బావోయాన్,బావోయాన్
కనుగొనండి,కనుగొనండి
మిస్లేలొడ్,మిస్లేలొడ్
నన్ను,నన్ను
చెప్పారు,చెప్పారు
ఇది,ఇది
అనుకుంటున్నాను,అనుకుంటున్నాను
అర్థం,అర్థం
మీకు,మీకు
ఇమెయిల్,ఇమెయిల్
కాల్,కాల్
మీ,మీ
ఆమె,ఆమె
వాతావరణం,వాతావరణం
శుభవార్త,శుభవార్త
అంటే,అంటే
సభ్యులా,సభ్యులా
యొక్క,యొక్క
మార్పు,మార్పు
చాలా,చాలా
ఖరీదైనది,ఖరీదైనది
అది,అది
తదుపరి,తదుపరి
విషయం,విషయం
రోజులు,రోజులు
ఉత్తమ,ఉత్తమ
శాంతి,శాంతి
“మేము,“మేము
ఖాతా,ఖాతా
పాడాను,పాడాను
ఇప్పటికీ,ఇప్పటికీ
ఉన్నాను,ఉన్నాను
వారసులు,వారసులు
ఉంచడానికి,ఉంచడానికి
నిన్న,నిన్న
ప్రజలందరి,ప్రజలందరి
ఈరోజు,ఈరోజు
చేసే,చేసే
గమనించండి,గమనించండి
అది,అది
సంప్రదించండి,సంప్రదించండి
తెలియదు,తెలియదు
ఎవరితోనూ,ఎవరితోనూ
అదృష్టం,అదృష్టం
చేయండి,చేయండి
చురుకుగా,చురుకుగా
యేది,యేది
విధముగా,విధముగా
ఆయన,ఆయన
మళ్ళీ,మళ్ళీ
తెలియజేయాలనుకుంటున్నాము,తెలియజేయాలనుకుంటున్నాము
అంత,అంత
మీరు,మీరు
కావాలా,కావాలా
నేర్పించాలని,నేర్పించాలని
ఉంది,ఉంది
లైటింగ్,లైటింగ్
దయచేసి,దయచేసి
మిస్లేలొడ్,మిస్లేలొడ్
నుండి,నుండి
కోర్సు,కోర్సు
మొదలు,మొదలు
నేటి,నేటి
విచారణ,విచారణ
పదాలు,పదాలు
రేపు,రేపు
నడిచివా,నడిచివా
కొంచెం,కొంచెం
మమ్మల్ని,మమ్మల్ని
భోజనం,భోజనం
మీకు,మీకు
వాగ్దానం,వాగ్దానం
తెలియదు,తెలియదు
ఏ,ఏ
కంపెనీలు,కంపెనీలు
మీ,మీ
తర్వాత,తర్వాత
సూర్యుడు,సూర్యుడు
ఇది,ఇది
ఇది,ఇది
సమయం,సమయం
స్థిరపడ్డాయి,స్థిరపడ్డాయి
మరియు,మరియు
ఏజెంట్,ఏజెంట్
మా,మా
చూడటం,చూడటం
భాగస్వాములు,భాగస్వాములు
చెయ్యాలనుకుంటే,చెయ్యాలనుకుంటే
కాదా,కాదా
ఆడాడు,ఆడాడు
కలిగి,కలిగి
ఇప్పుడు,ఇప్పుడు
నుండి,నుండి
అడుగులు,అడుగులు
ఇవ్వండిమేము,ఇవ్వండిమేము
జరగవచ్చు,జరగవచ్చు
పూర్తిచేస్తాను,పూర్తిచేస్తాను
ఉన్నాను,ఉన్నాను
వస్తాను,వస్తాను
వివాహం,వివాహం
వాగ్దానం,వాగ్దానం
సేల్స్,సేల్స్
నాకు,నాకు
మనం,మనం
ఇప్పటికే,ఇప్పటికే
మాత్రమే,మాత్రమే
చదువుతున్నప్పుడు,చదువుతున్నప్పుడు
ఆమె,ఆమె
అదృష్టం,అదృష్టం
కుటుంబానికి,కుటుంబానికి
ఆట,ఆట
మా,మా
వరకు,వరకు
ఫోన్,ఫోన్
అన్ని,అన్ని
విషయాలు,విషయాలు
ఈ,ఈ
మానవ,మానవ
గురించి,గురించి
త్వరగా,త్వరగా
ఏమి,ఏమి
ఉండాలనుకుంటున్నారా,ఉండాలనుకుంటున్నారా
ఉపసంహరించుకోవాలని,ఉపసంహరించుకోవాలని
మీ,మీ
సమస్య,సమస్య
దాని,దాని
మే,మే
పొట్ట,పొట్ట
మీ,మీ
స్థానిక,స్థానిక
ఎల్లప్పుడూ,ఎల్లప్పుడూ
కూడా,కూడా
బాగుంది,బాగుంది
అన్నీ,అన్నీ
సులభం,సులభం
కోసం,కోసం
మత,మత
సులభం,సులభం
మీరే,మీరే
కాదు,కాదు
చిన్న,చిన్న
ఇంకా,ఇంకా
ముందు,ముందు
నమస్కారం,నమస్కారం
నేను,నేను
జనవరి,జనవరి
మార్గం,మార్గం
ముగిసింది,ముగిసింది
చిన్న,చిన్న
😉,😉
నివేదికలు,నివేదికలు
మీకు,మీకు
సంబంధాలు,సంబంధాలు
సొంత,సొంత
కోసం,కోసం
ఫ్రాన్స్ఫ్రెంచ్,ఫ్రాన్స్ఫ్రెంచ్
కొద్దిసేపు,కొద్దిసేపు
ఇప్పటి,ఇప్పటి
బైక్,బైక్
బహుశా,బహుశా
ఫీల్,ఫీల్
సహాయం,సహాయం
మేము,మేము
మేము,మేము
మీరు,మీరు
తెలుస్తోంది,తెలుస్తోంది
తెలియజేయండి,తెలియజేయండి
చేసుకోవాలనుకుంటున్నారు,చేసుకోవాలనుకుంటున్నారు
ఉన్నాయి,ఉన్నాయి
నేర్పండి,నేర్పండి
నిమిషం,నిమిషం
అబద్ధమా,అబద్ధమా
దీన్ని,దీన్ని
పడుతుంది,పడుతుంది
ఉక్త,ఉక్త
కోసం,కోసం
మరిన్ని,మరిన్ని
నుండి,నుండి
ముగింపుని,ముగింపుని
ఖచ్చితంగా,ఖచ్చితంగా
కోసం,కోసం
నేను,నేను
చేయాలి,చేయాలి
క్షమించాలి,క్షమించాలి
ఏదైనా,ఏదైనా
ఒక,ఒక
సమాధానం,సమాధానం
నడుపుతావా,నడుపుతావా
నవ్వుతూ,నవ్వుతూ
ఆహారం,ఆహారం
ఫ్లాట్,ఫ్లాట్
సెప్టెంబర్,సెప్టెంబర్
ప్రతిదీ,ప్రతిదీ
ప్రతిదీ,ప్రతిదీ
మళ్లీ,మళ్లీ
అంత,అంత
ఇది,ఇది
అందించే,అందించే
భోజనం,భోజనం
సూత్రాలను,సూత్రాలను
పరీక్ష,పరీక్ష
వాల్యూమ్,వాల్యూమ్
సెలీనా,సెలీనా
చెల్లింపు,చెల్లింపు
మరియు,మరియు
సమస్యలు,సమస్యలు
ప్లస్,ప్లస్
చేసిన,చేసిన
ఉన్నాము,ఉన్నాము
మీ,మీ
ప్రజలందరికీ,ప్రజలందరికీ
లో,లో
లో,లో
కేవలం,కేవలం
కర్ల్,కర్ల్
థీమ్,థీమ్
ఫ్లాట్,ఫ్లాట్
నాట్యం,నాట్యం
జీవించడానికి,జీవించడానికి
దయచేసి,దయచేసి
అమెరికా,అమెరికా
మా,మా
రోజులలో,రోజులలో
కార్ట్,కార్ట్
యం,యం
ఉంది,ఉంది
రేట్,రేట్
పూర్తి,పూర్తి
కు,కు
వెళ్ళాలనుకుంటున్నాను,వెళ్ళాలనుకుంటున్నాను
'ఉండాలి,'ఉండాలి
రుచిగా,రుచిగా
చెప్పారు,చెప్పారు
అది,అది
సంప్రదించడానికి,సంప్రదించడానికి
ఎవరము,ఎవరము
సాధారణంగా,సాధారణంగా
ఏ,ఏ
యుగం,యుగం
తెరువు,తెరువు
రుణం,రుణం
కోసం,కోసం
మీకు,మీకు
టెలిఫోన్,టెలిఫోన్
బంగారం,బంగారం
కష్టం,కష్టం
ఇది,ఇది
ఆ,ఆ
అభినందనలు,అభినందనలు
సమయం,సమయం
అనారోగ్యం,అనారోగ్యం
ప్రత్యుత్తరం,ప్రత్యుత్తరం
ఇవి,ఇవి
ఇది,ఇది
సంవత్సరం,సంవత్సరం
మీకు,మీకు
లిమిటెడ్,లిమిటెడ్
జరిగి,జరిగి
చిరునామా,చిరునామా
తో,తో
అది,అది
ఆలోచన,ఆలోచన
అటువంటి,అటువంటి
ఖాళీగా,ఖాళీగా
దీన్ని,దీన్ని
యేసు,యేసు
ప్రేమ,ప్రేమ
టూర్,టూర్
చెయ్యాలనుకుంటున్నారు,చెయ్యాలనుకుంటున్నారు
గుడ్,గుడ్
పొందగలను,పొందగలను
ముందుకు,ముందుకు
అభివృద్ధి,అభివృద్ధి
తెలుసు,తెలుసు
ఆసక్తి,ఆసక్తి
టెలిఫోన్,టెలిఫోన్
పనిచేస్తుంది,పనిచేస్తుంది
లైన్,లైన్
దుస్తులు,దుస్తులు
ఈసారి,ఈసారి
చేతులు,చేతులు
తీయగా,తీయగా
చూస్తున్నారు,చూస్తున్నారు
రసీదును,రసీదును
కోరుకున్నా,కోరుకున్నా
రోమన్,రోమన్
చాలా,చాలా
నుంచి,నుంచి
థింగ్,థింగ్
ప్రజలు,ప్రజలు
తిరుగుతూ,తిరుగుతూ
చేస్తున్నావు,చేస్తున్నావు
తిరిగి,తిరిగి
సమాచారం,సమాచారం
అనుసరించండి,అనుసరించండి
మార్చుకోండి,మార్చుకోండి
ఉంది,ఉంది
ధన్యవాదాలు,ధన్యవాదాలు
ఏవైనా,ఏవైనా
నవ్వు,నవ్వు
ఉచితం,ఉచితం
నీతో,నీతో
వీడియోలను,వీడియోలను
చేస్తారా,చేస్తారా
ఇది,ఇది
మీరు,మీరు
ఆశిస్తున్నాము,ఆశిస్తున్నాము
లో,లో
మరింత,మరింత
ఏవైనా,ఏవైనా
పాట,పాట
వేగంగా,వేగంగా
ఇష్టం,ఇష్టం
ఈ,ఈ
ఏమిటి,ఏమిటి
కాదు,కాదు
రోజులు,రోజులు
వ్యాపారం,వ్యాపారం
భయపడ్డారు,భయపడ్డారు
లిమిటెడ్,లిమిటెడ్
పొందుతున్న,పొందుతున్న
నుండి,నుండి
విరాళం,విరాళం
సేవ,సేవ
గంటల్లో,గంటల్లో
కాదు,కాదు
ప్రశ్నను,ప్రశ్నను
దేశానికి,దేశానికి
తదుపరి,తదుపరి
మరియు,మరియు
అక్షరాల,అక్షరాల
వ్యక్తి,వ్యక్తి
వందనాలు,వందనాలు
నేను,నేను
చేసేవారు,చేసేవారు
ఉన్నప్పుడు,ఉన్నప్పుడు
ప్రేమ,ప్రేమ
అన్ని,అన్ని
విధానం,విధానం
సందేశాన్ని,సందేశాన్ని
వచ్చింది,వచ్చింది
ఆలోచనలు,ఆలోచనలు
పొందాలనుకుంటున్నాను,పొందాలనుకుంటున్నాను
ఆలోచిస్తే,ఆలోచిస్తే
రంగంలో,రంగంలో
వారు,వారు
ఏదో,ఏదో
నువ్వు,నువ్వు
ఎవరూ,ఎవరూ
కట్టింగ్,కట్టింగ్
కేవలం,కేవలం
అక్షర,అక్షర
అవుతుంది,అవుతుంది
ఇది,ఇది
కంటే,కంటే
ఉంటుంది,ఉంటుంది
మరియు,మరియు
మీకు,మీకు
పరిష్కరించడానికి,పరిష్కరించడానికి
చూడండి,చూడండి
మీ,మీ
ఇతర,ఇతర
ఎందుకంటే,ఎందుకంటే
సహాయం,సహాయం
చూస్తున్న,చూస్తున్న
చేయకూడదు,చేయకూడదు
మొత్తం,మొత్తం
ఉన్నాయి,ఉన్నాయి
కావలసిన,కావలసిన
మనం,మనం
అనేక,అనేక
సిద్ధం,సిద్ధం
పూర్తి,పూర్తి
తనిఖీ,తనిఖీ
మనస్సులలో,మనస్సులలో
మిమ్మల్ని,మిమ్మల్ని
మాతో,మాతో
పొందవచ్చు,పొందవచ్చు
వేదాల,వేదాల
అద్భుతమైన,అద్భుతమైన
మీరు,మీరు
టెల్,టెల్
ఏమిటి,ఏమిటి
జ్ఞానం,జ్ఞానం
పనులు,పనులు
అనుకుంటున్నారా,అనుకుంటున్నారా
మా,మా
అనుకుంటున్నారు,అనుకుంటున్నారు
వెళ్తాము,వెళ్తాము
పేజీలో,పేజీలో
ఇది,ఇది
సంకోచించకండి,సంకోచించకండి
చిన్న,చిన్న
అడగండి,అడగండి
ఎక్కడికి,ఎక్కడికి
వర్షం,వర్షం
మీద,మీద
ఈ,ఈ
మీ,మీ
నమూనాలను,నమూనాలను
చేస్తున్నాను,చేస్తున్నాను
వచ్చింది,వచ్చింది
ఇష్టపడతారని,ఇష్టపడతారని
సందర్భాలలో,సందర్భాలలో
విచారం,విచారం
ఆ,ఆ
మార్చడానికి,మార్చడానికి
మరియు,మరియు
కొత్త,కొత్త
రాయండి,రాయండి
వేల,వేల
తెలుగు,తెలుగు
చెడు,చెడు
మఠం,మఠం
ఉన్నారు,ఉన్నారు
తర్వాత,తర్వాత
జీవితాలను,జీవితాలను
దూరం,దూరం
గుర్తుంచుకో,గుర్తుంచుకో
జూన్,జూన్
ప్రజలపై,ప్రజలపై
కూడా,కూడా
ఏదో,ఏదో
చెప్పారు,చెప్పారు
కొన్ని,కొన్ని
సమస్యను,సమస్యను
అడగండి,అడగండి
ఎంతగా,ఎంతగా
కాళి,కాళి
ఆనందించండి,ఆనందించండి
రోజులకు,రోజులకు
తో,తో
కోడ్,కోడ్
జూలై,జూలై
చేయాలని,చేయాలని
తిరిగి,తిరిగి
జరుగుతుంది,జరుగుతుంది
…లేదా,…లేదా
అన్ని,అన్ని
ఉన్నాను,ఉన్నాను
కాల్,కాల్
స్నేహితులు,స్నేహితులు
స్పాన్సర్లు,స్పాన్సర్లు
కొంత,కొంత
మీ,మీ
నుండి,నుండి
ఆలోచనలు,ఆలోచనలు
ఎంచుకోండి,ఎంచుకోండి
తప్పు,తప్పు
చేయడం,చేయడం
తర్వాత,తర్వాత
య,య
అదృష్టం,అదృష్టం
వెంట్రుక,వెంట్రుక
ఉత్తమంగా,ఉత్తమంగా
చాలా,చాలా
కాబట్టి,కాబట్టి
ఫీచర్లను,ఫీచర్లను
ఎక్కడా,ఎక్కడా
చూపించు,చూపించు
చూడండి,చూడండి
సంవత్సరాలు,సంవత్సరాలు
అలాంటిదే,అలాంటిదే
ఎక్కువ,ఎక్కువ
ప్రారంభించడానికి,ప్రారంభించడానికి
సమయం,సమయం
యొక్క,యొక్క
ఒక,ఒక
ఉన్నారు,ఉన్నారు
పైన,పైన
తెలియదు,తెలియదు
అందరూ,అందరూ
పని,పని
వీక్షకులు,వీక్షకులు
మేము,మేము
పని,పని
పట్టుకొని,పట్టుకొని
ఏదైనా,ఏదైనా
ప్రత్యేకించుకోవడమైనది,ప్రత్యేకించుకోవడమైనది
రోజు,రోజు
చేస్తాము,చేస్తాము
మీ,మీ
ముందుకు,ముందుకు
కనుగొనడంలో,కనుగొనడంలో
కాపీరైట్,కాపీరైట్
చదవండి,చదవండి
మేము,మేము
చేయండి,చేయండి
పనిని,పనిని
కొనుగోలు,కొనుగోలు
ఆ,ఆ
ఇక్కడ,ఇక్కడ
ఎక్కువ,ఎక్కువ
మాతో,మాతో
లేదా,లేదా
కుటుంబ……,కుటుంబ……
చేరండి,చేరండి
భాగస్వామి,భాగస్వామి
వెంట్రుక,వెంట్రుక
“ఎందుకు”,“ఎందుకు”
వంటి,వంటి
వెయ్యి,వెయ్యి
సి,సి
సమయం,సమయం
చేయాలి,చేయాలి
అది,అది
చాలా,చాలా
చేశావా,చేశావా
ఎక్కడైనా,ఎక్కడైనా
బంధువులందరూ,బంధువులందరూ
గమ్యము,గమ్యము
మాకు,మాకు
గంటల్లో,గంటల్లో
జరగలేదు,జరగలేదు
ఎప్పుడైనా,ఎప్పుడైనా
హక్కులూ,హక్కులూ
దొరకలేదా,దొరకలేదా
💡,💡
ధన్యవాదములు,ధన్యవాదములు
కాశీ,కాశీ
ఇది,ఇది
మరియు,మరియు
నిజంగా,నిజంగా
ఆపవద్దు,ఆపవద్దు
ఆమె,ఆమె
ఇబ్బంది,ఇబ్బంది
మెరుగుపరచడానికి,మెరుగుపరచడానికి
ఇప్పుడు,ఇప్పుడు
చంపాను,చంపాను
మా,మా
తిరిగి,తిరిగి
ఆ,ఆ
పుస్తకం,పుస్తకం
రోజు,రోజు
ఏమి,ఏమి
వర్తించే,వర్తించే
హక్కులు,హక్కులు
నేను,నేను
రోజులకు,రోజులకు
అవసరం,అవసరం
సహాయానికి,సహాయానికి
గురించి,గురించి
ప్రస్తుతం,ప్రస్తుతం
వాయువేగంతో,వాయువేగంతో
ప్రారంభం,ప్రారంభం
స్వంత,స్వంత
పంపండి,పంపండి
చేస్తున్నారు,చేస్తున్నారు
మీది,మీది
వ్యక్తి,వ్యక్తి
ఇండికేటర్లను,ఇండికేటర్లను
అభినందిస్తున్నాము,అభినందిస్తున్నాము
వచ్చిన,వచ్చిన
చేయవచ్చు,చేయవచ్చు
భయపడాలి,భయపడాలి
సెక్యూరిటీ,సెక్యూరిటీ
ప్రయత్నించండి,ప్రయత్నించండి
మాత్రమే,మాత్రమే
చెప్పినప్పుడు,చెప్పినప్పుడు
తప్పు,తప్పు
పరమాంగతిమ్,పరమాంగతిమ్
విషయాలు,విషయాలు
వివరాలను,వివరాలను
చూడండి,చూడండి
చేయి,చేయి
మే,మే
చాలా,చాలా
మాకు,మాకు
సంవత్సరాల,సంవత్సరాల
చేస్తారు,చేస్తారు
గుండె,గుండె
నాకు,నాకు
అది,అది
చెప్పే,చెప్పే
బ్లాగర్లు,బ్లాగర్లు
పరిష్కారం,పరిష్కారం
పట్టింపు,పట్టింపు
ఎల్లప్పుడూ,ఎల్లప్పుడూ
నియమించాలనుకుంటున్నారా,నియమించాలనుకుంటున్నారా
నిజమైన,నిజమైన
వాటిని,వాటిని
మీ,మీ
విచారణ,విచారణ
సలహాలను,సలహాలను
వచ్చారు,వచ్చారు
పూర్తిగా,పూర్తిగా
రావాలనుకుంటున్నారా,రావాలనుకుంటున్నారా
ఉంది,ఉంది
అన్ని,అన్ని
పింక్,పింక్
గడువు,గడువు
అవకాశం,అవకాశం
సులభం,సులభం
వెంటెష్,వెంటెష్
ఓట్లు,ఓట్లు
ప్రశ్న,ప్రశ్న
ప్రశ్నలు,ప్రశ్నలు
గురించి,గురించి
మాకు,మాకు
తెలుసుకోవచ్చు,తెలుసుకోవచ్చు
చేస్తుంది,చేస్తుంది
నుండి,నుండి
ధన్యవాదాలు,ధన్యవాదాలు
ఇలా,ఇలా
ఈ,ఈ
నేను,నేను
భాగస్వామ్యం,భాగస్వామ్యం
నేను,నేను
నమోదు,నమోదు
నీ,నీ
మీకు,మీకు
సహాయాన్ని,సహాయాన్ని
వ్యక్తి,వ్యక్తి
ఇక్కడ,ఇక్కడ
ప్రాప్య,ప్రాప్య
బిచ్చగాడు,బిచ్చగాడు
తేదీ,తేదీ
కొనుగోలు,కొనుగోలు
ఆనందిస్తారని,ఆనందిస్తారని
లేదు,లేదు
లో,లో
మీరు,మీరు
దయచేసి,దయచేసి
ఉంటుంది,ఉంటుంది
