Telugu_Word,Telugu_Index,Tamil_Word,Tamil_Index
р░ор▒Ар░░р▒Б,1.0,родрпЖро╛ро▓рпИрокрпЗроЪро┐,1
р░лр▒Лр░ир▒Н,2.0,роирпАроЩрпНроХро│рпН,2
р░ир▒Зр░ир▒Б,3.0,роиро╛ройрпН,3
р░ор▒Зр░ор▒Б,4.0,роОройрпНрой,4
р░И,5.0,роЙроЩрпНроХро│рпН,5
р░ор░░р░┐р░пр▒Б,6.0,роиро╛роорпН,6
р░ор▒А,7.0,ро╡рпЗрогрпНроЯрпБроорпН,7
р░ор░╛р░Хр▒Б,8.0,роиро╛роЩрпНроХро│рпН,8
р░Пр░ор░┐,9.0,роЗроирпНрод,9
р░Хр░╛р░▓р▒Н,10.0,рооро▒рпНро▒рпБроорпН,10
р░Зр░жр░┐,11.0,роТро░рпБ,11
р░Яр▒Жр░▓р▒Н,12.0,роорпЗро▓рпБроорпН,12
р░Зр░кр▒Нр░кр▒Бр░бр▒Б,13.0,роОроЩрпНроХро│рпБроХрпНроХрпБ,13
р░Тр░Х,14.0,роорпЗ,14
р░ир░╛р░Хр▒Б,15.0,роЗродрпБ,15
р░ор▒З,16.0,роЙроЩрпНроХро│рпБроХрпНроХрпБ,16
р░╕р░╣р░╛р░пр░В,17.0,роЕродрпБ,17
р░Ор░▓р░╛,18.0,роЪрпЖропрпНроп,18
р░Хр▒Лр░╕р░В,19.0,роОрокрпНрокроЯро┐,19
р░Ър░╛р░▓р░╛,20.0,роиройрпНро▒ро┐,20
р░Йр░ир▒Нр░ир░╛р░░р▒Б,21.0,роорпБроЯро┐ропрпБроорпН,21
р░Ер░жр░┐,22.0,роЗрокрпНрокрпЗро╛родрпБ,22
р░ор░░р░┐р░Вр░д,23.0,рооро┐роХро╡рпБроорпН,23
р░зр░ир▒Нр░пр░╡р░╛р░жр░╛р░▓р▒Б,24.0,роОройроХрпНроХрпБ,24
р░жр░пр░Ър▒Зр░╕р░┐,25.0,роОроЩрпНроХро│рпИ,25
р░Йр░Вр░жр░┐,26.0,роЙродро╡,26
р░Йр░Вр░Яр▒З,27.0,роирпА,27
р░ор░╛,28.0,роПройрпН,28
р░ор▒Ар░Хр▒Б,29.0,рокроХрпНроХроорпН,29
р░П,30.0,ро╡рпЗро▓рпИ,30
р░Зр░Хр▒Нр░Хр░б,31.0,роОройрпНро▒рпБ,31
р░Ор░Вр░жр▒Бр░Хр▒Б,32.0,роиро┐ро▒рпБро╡ройроЩрпНроХро│рпН,32
р░кр░ир░┐,33.0,роПро▒рпНроХройро╡рпЗ,33
р░Ер░ир▒Нр░ир░┐,34.0,роОроирпНрод,34
р░кр▒Зр░Ьр▒А,35.0,родрпЖро╛роЯро░рпНрокрпБ,35
р░Чр▒Бр░░р░┐р░Вр░Ър░┐,36.0,роОроЩрпНроХро│рпН,36
р░ор░╛р░др▒Л,37.0,рокро▒рпНро▒ро┐,37
р░пр▒Кр░Хр▒Нр░Х,38.0,роЗроЩрпНроХрпЗ,38
р░╕р░ор░пр░В,39.0,роОроЩрпНроХро│рпБроЯройрпН,39
р░Хр░Вр░кр▒Жр░ир▒Ар░▓р▒Б,40.0,роЕродрпИ,40
р░Ор░▓р▒Нр░▓р░кр▒Нр░кр▒Бр░бр▒В,41.0,ропро╛ро░рпН,41
р░ир▒Бр░Вр░бр░┐,42.0,рокро┐роЪро┐роХрпНроХро│рпН,42
р░Хр░▓р░┐р░Чр░┐,43.0,роЗройрпНро▒рпБ,43
р░ор░жр▒Нр░жр░др▒Б,44.0,роЗро▓рпНро▓рпИ,44
р░др░░р▒Нр░╡р░╛р░д,45.0,роЗро░рпБроирпНродро╛ро▓рпН,45
р░Йр░Вр░Яр▒Бр░Вр░жр░┐,46.0,роЕро┤рпИрокрпНрокрпБ,46
р░кр▒Нр░░р░╢р▒Нр░ир░▓р▒Б,47.0,роЖродро░ро╡рпБ,47
р░Пр░ор░┐р░Яр░┐,48.0,ро╡ро┐ро░рпБроорпНрокрпБроХро┐ро▒рпЗройрпН,48
р░Ър░┐р░╡р░░р░┐,49.0,роЗро░рпБроирпНродрпБ,49
р░╕р░Вр░кр▒Нр░░р░жр░┐р░Вр░Ър░Вр░бр░┐,50.0,роЕройрпИродрпНродрпБ,50
р░▓р▒Б,51.0,роХро╛ро▓рпН,51
р░Хр░░р▒Нр░▓р▒Н,52.0,роХрпЗро│рпНро╡ро┐роХро│рпН,52
р░Хр▒Вр░бр░╛,53.0,роЕроЯрпБродрпНрод,53
р░др░жр▒Бр░кр░░р░┐,54.0,роорогро┐,54
р░╡р▒Жр░Вр░Яр▒Нр░░р▒Бр░╖р▒Н,55.0,роХро░рпНро▓рпН,55
р░ир▒Бр░╡р▒Нр░╡р▒Б,56.0,роОро╡рпНро╡ро│ро╡рпБ,56
р░ир░┐р░Ьр░Вр░Чр░╛,57.0,роЖройро╛ро▓рпН,57
р░▓р▒Зр░жр▒Б,58.0,роЯрпЖро▓рпН,58
р░Ер░др░ир▒Б,59.0,роЕро▓рпНро▓родрпБ,59
р░Жр░ор▒Ж,60.0,роирпЗро░роорпН,60
р░кр▒Зр░░р▒Б,61.0,рокрпЖропро░рпН,61
р░Ор░Вр░д,62.0,роОройрпНройрпИ,62
р░Хр░╛р░ир▒А,63.0,┬й,63
р░Хр░╛р░жр▒Б,64.0,роЕроЯрпБродрпНродрпБ,64
р░╕р▒Нр░╡р░╛р░Чр░др░В,65.0,рооро┐ро╕рпНро▓ро╛роЯрпЛроЯрпН,65
р░Ер░╡р░╕р░░р░В,66.0,роЗродрпИ,66
р░Ър▒Зр░пр░Вр░бр░┐,67.0,роЪрпЖропрпНродрпБ,67
р░▓р▒Зр░жр░╛,68.0,роОрокрпНрокрпЗро╛родрпБроорпН,68
┬й,69.0,рокроЯро┐роХрпНроХ,69
р░ор░┐р░╕р▒Нр░▓р░╛р░Вр░бр▒Лр░бр▒Н,70.0,роХрпЖро╛ро│рпНро│,70
р░Зр░╖р▒Нр░Яр░В,71.0,роиро▓рпНро▓,71
р░Ър▒Зр░пр░╡р░Ър▒Нр░Ър▒Б,72.0,роирпАроЯрпНроЯро┐рокрпНрокрпБ,72
р░Ор░╡р░░р▒Б,73.0,роЙро│рпНро│родрпБ,73
р░ор░ир░В,74.0,роЗро░рпБроХрпНроХро┐ро▒родрпБ,74
р░Ър▒Жр░кр▒Нр░кр░╛р░░р▒Б,75.0,роОроЩрпНроХрпЗ,75
р░ор░Вр░Ър░┐,76.0,роорпБроХрокрпНрокрпБ,76
р░Хр░Вр░Яр▒З,77.0,роорпБродро▓рпН,77
р░▓р▒Л,78.0,рокродро┐ро▓рпН,78
р░ир░╛,79.0,роГрокрпНро│ро╛роЯрпН,79
р░░р▒Лр░Ьр▒Б,80.0,роХрогрпНрогро┐ро╖рпН,80
р░Хр▒Кр░ир▒Нр░ир░┐,81.0,роЕро╡ро│рпН,81
р░Ър░жр░╡р░Вр░бр░┐,82.0,роЗрокрпНрокрпЛродрпБ,82
р░Ж,83.0,роЗройрпНройрпБроорпН,83
р░и,84.0,рокрпБродро┐роп,84
р░╡р░╛р░▓р▒Нр░пр▒Вр░ор▒Н,85.0,рооро┐роорпА,85
р░ор░ор▒Нр░ор░▓р▒Нр░ир░┐,86.0,родрпЖро╛ро▓рпИроироХро▓рпН,86
р░Чр░Вр░Яр░▓р▒Нр░▓р▒Л,87.0,роорпАрогрпНроЯрпБроорпН,87
р░кр▒Нр░░р░др░┐,88.0,роПродро╛ро╡родрпБ,88
р░лр▒Нр░▓р░╛р░Яр▒Н,89.0,роЗро░рпБроХрпНроХро┐ро▒рпЗройрпН,89
р░Ор░Хр▒Нр░╕р▒Нр░Яр▒Жр░ир▒Нр░╖р░ир▒Н,90.0,роЪро┐ро▓,90
р░Ор░Хр▒Нр░Хр░б,91.0,ро╡ро┐ро░рпБроорпНрокрпБроХро┐ро▒рпАро░рпНроХро│ро╛,91
р░╣р▒Лр░ор▒Н,92.0,роЕро╡ро░рпН,92
р░╕р░ор░╛р░зр░╛р░ир░В,93.0,роЗро░рпБроХрпНроХрпБроорпН,93
р░лр▒Нр░пр░╛р░Хр▒Нр░╕р▒Н,94.0,роОройрпНро▒ро╛ро▓рпН,94
р░╕р░ор░╕р▒Нр░п,95.0,родрпЖро░ро┐ропрокрпНрокроЯрпБродрпНродрпБроЩрпНроХро│рпН,95
р░Хр░╛р░мр░Яр▒Нр░Яр░┐,96.0,ро╡ро░ро╡рпЗро▒рпНроХро┐ро▒рпЗро╛роорпН,96
р░Ър▒Зр░╕р▒Нр░др▒Бр░Вр░жр░┐,97.0,роЪро┐ро▒роирпНрод,97
р░Ор░Хр▒Нр░Хр▒Бр░╡,98.0,роЙродро╡ро┐,98
р░Ър▒Зр░пр░╛р░▓р░┐,99.0,роХрпВроЯ,99
р░╡р▒Зр░Ър░┐,100.0,роЗро░рпБроХрпНроХ,100
р░Йр░ир▒Нр░ир░╛р░пр░┐,101.0,роОройро╡рпЗ,101
р░Жр░ир░Вр░жр░┐р░Вр░Ър░Вр░бр░┐,102.0,роЙро░ро┐роорпИроХро│рпБроорпН,102
р░ор▒Кр░жр░Яр░┐,103.0,роЬрпВройрпН,103
р░Йр░др▒Нр░др░о,104.0,роЕройрпНро▒рпБ,104
р░╕р▒Бр░▓р░нр░В,105.0,роороХрпНроХро│рпН,105
р░кр▒Нр░░р▒Зр░о,106.0,роиро╛роЯрпНроХро│рпН,106
р░кр▒Нр░░р░╢р▒Нр░и,107.0,роЙройрпНройрпИ,107
р░ор░┐р░╕р▒Нр░▓р▒Зр░▓р▒Кр░бр▒Н,108.0,родрпЖро░ро┐ропрпБроорпН,108
р░╡р░жр▒Нр░ж,109.0,роЙро│рпНро│рой,109
р░░р▒Лр░Ьр▒Бр░▓р▒Б,110.0,ро╡рпЗрогрпНроЯро╛роорпН,110
р░╡р░Ър▒Нр░Ър░┐р░Вр░жр░┐,111.0,роорпВро▓роорпН,111
р░кр▒Вр░░р▒Нр░др░┐,112.0,роЕро┤рпИроХрпНроХро╡рпБроорпН,112
р░Ър▒Зр░╕р▒Нр░др░╛р░░р▒Б,113.0,роироорпНрокрпБроХро┐ро▒рпЗройрпН,113
р░др▒Жр░▓р░┐р░пр░жр▒Б,114.0,родрпЗро╡рпИ,114
р░ор▒Ар░др▒Л,115.0,роХрпЗро│рпНро╡ро┐,115
р░ир░ир▒Нр░ир▒Б,116.0,роЙрогрпНроорпИропро┐ро▓рпН,116
р░др░┐р░░р░┐р░Чр░┐,117.0,рокрпЖро░ро┐роп,117
р░др▒Жр░▓р▒Бр░╕р▒Б,118.0,ро╡ро┤ро┐,118
р░Зр░Вр░Хр░╛,119.0,родропро╛ро░ро┐рокрпНрокрпБроХро│рпН,119
р░ир▒Бр░Вр░Ър░┐,120.0,роЕро┤рпИроХрпНроХ,120
р░жр▒Нр░╡р░╛р░░р░╛,121.0,рокро╛родрпБроХро╛роХрпНроХрокрпНрокроЯрпНроЯро╡рпИ,121
р░Жр░╢р░┐р░╕р▒Нр░др▒Бр░ир▒Нр░ир░╛р░ор▒Б,122.0,┬╗,122
р░Ор░╡р░░р░ор▒Б,123.0,роЗро▓рпН,123
р░╡р░Вр░Яр░┐,124.0,ро╡ро│ро░рпНроирпНродрпБ,124
р░Ър▒Вр░бр░Вр░бр░┐,125.0,роХрпНроХрпБроорпН,125
р░кр▒Нр░░р▒Ар░лр░┐р░ир▒Нр░бр▒Н,126.0,рокро╛ро░рпНро╡рпИропро╛ро│ро░рпНроХро│рпН,126
р░Пр░В,127.0,роПродрпЗройрпБроорпН,127
р░Йр░Вр░бр░╛р░▓р░┐,128.0,роОройрпНро▒,128
р░др░ир░┐р░Цр▒А,129.0,роЯро┐,129
р░ор░│р▒Нр░│р▒А,130.0,роТро╡рпНро╡рпЖро╛ро░рпБ,130
р░Йр░др▒Нр░кр░др▒Нр░др▒Бр░▓р▒Б,131.0,роХроЯрпИроЪро┐ропро╛роХ,131
р░╕р░ор░╛р░Ър░╛р░░р░В,132.0,роЕро╡ройрпН,132
р░Йр░Вр░бр░Вр░бр░┐,133.0,роЗроирпНродрокрпН,133
р░ор░╛р░др▒Нр░░р░ор▒З,134.0,рокро╛ро░рпНроХрпНроХ,134
р░╕р░Вр░╡р░др▒Нр░╕р░░р░╛р░▓,135.0,роЙройроХрпНроХрпБ,135
р░кр▒Нр░░р░кр░Вр░Ъ,136.0,роОрокрпНрокрпЛродрпБ,136
р░кр▒Зр░Ьр▒Ар░▓р▒Л,137.0,роЙрогро╡рпБ,137
р░Йр░ир▒Нр░ир░╛р░ир▒Б,138.0,роОройрпНройро┐роЯроорпН,138
р░Хр▒Кр░др▒Нр░д,139.0,рокрпЖро▒,139
р░др▒Жр░▓р░┐р░пр░Ьр▒Зр░пр░Вр░бр░┐,140.0,роЙроЩрпНроХро│ро┐роЯроорпН,140
р░Ер░Хр▒Нр░Хр░б,141.0,роХрпЗроЯрпНроХ,141
р░Ър▒Зр░╕р░┐р░и,142.0,родрпЖро░ро┐ропрпБрооро╛,142
р░╕р░┐р░жр▒Нр░зр░Вр░Чр░╛,143.0,роЙроЩрпНроХро│рпБроХрпНроХро╛роХ,143
р░ор░░р░┐р░ир▒Нр░ир░┐,144.0,родропро╛ро░ро╛роХ,144
р░Йр░Вр░бр░╡р░Ър▒Нр░Ър▒Б,145.0,роорпБройрпНро╡ро╛ро░рпНройрпНроЯрпН,145
р░Пр░жр▒Л,146.0,роТро░рпБро╡рпЗро│рпИ,146
р░Яр▒Жр░▓р░┐р░лр▒Лр░ир▒Н,147.0,ро╡ро╛ро▓рпНропрпВроорпН,147
р░Йр░ир▒Нр░ир░╛р░ор▒Б,148.0,ропро╛ро░ро╛ро╡родрпБ,148
р░др▒Л,149.0,роЕроирпНрод,149
р░Ор░╡р░░р▒Жр▒Цр░ир░╛,150.0,роХрпЖро╛ро│рпНро│ро╡рпБроорпН,150
р░╣р░▓р▒Л,151.0,рокрогроорпН,151
р░Ер░╡р▒Бр░ир▒Б,152.0,роХроЯроирпНрод,152
р░Яр░Ър▒Н,153.0,родропро╡рпБ,153
р░Ер░░р▒Нр░ер░В,154.0,рооро┐ройрпНройроЮрпНроЪро▓рпН,154
р░Зр░кр▒Нр░кр░Яр░┐р░Хр▒З,155.0,роирпЗро░родрпНродро┐ро▒рпНроХрпБро│рпН,155
р░╡р░┐р░зр░Вр░Чр░╛,156.0,рокродро┐рокрпНрокрпБро░ро┐роорпИ,156
р░╡р░┐р░Ър░╛р░░р░г,157.0,роЯро┐роЪроорпНрокро░рпН,157
р░Хр░╛р░кр▒Ар░░р▒Жр▒Цр░Яр▒Н,158.0,роирпАро│роорпН,158
р░Жр░▓р▒Лр░Ър░и,159.0,роорпБроХро╡ро░ро┐роХро│рпН,159
┬╗,160.0,ро╡ро┐рооро░рпНроЪройроЩрпНроХро│рпИ,160
р░Ър░┐р░░р▒Бр░ир░╛р░ор░╛р░▓р▒Б,161.0,роЙро▓роХ,161
р░╕р░Вр░╕р▒Нр░ер░▓р▒Б,162.0,роЪро░ро┐рокро╛ро░рпНроХрпНроХро╡рпБроорпН,162
р░╕р░ор▒Ар░Хр▒Нр░╖р░▓р▒Б,163.0,ро╡рогроХрпНроХроорпН,163
р░╡р░┐р░╖р░пр░╛р░▓р▒Б,164.0,роЗрокрпНрокроХрпНроХроорпН,164
р░кр▒Нр░░р▒Зр░Хр▒Нр░╖р░Хр▒Бр░▓р▒Б,165.0,рокрпБродрпБрокрпНрокро┐роХрпНроХрокрпНрокроЯрпНроЯродрпБ,165
р░кр▒Нр░░р░Ьр░▓р▒Б,166.0,роОроЩрпНроХрпБ,166
р░Пр░╡р▒Жр▒Цр░ир░╛,167.0,роиройрпНро▒ро╛роХ,167
р░ир░╡р▒Ар░Хр░░р░┐р░Вр░Ър░мр░бр░┐р░Вр░жр░┐,168.0,роирпЗроЪро┐роХрпНроХро┐ро▒рпЗройрпН,168
р░жр▒Ар░ир▒Нр░ир░┐,169.0,роЗро░рпБроХрпНроХро┐ро▒рпАро░рпНроХро│рпН,169
р░ир▒Ар░Хр▒Б,170.0,роиро╛ро│рпИ,170
р░Хр░╛р░╡р░╛р░▓р░┐,171.0,родрпЖро░ро┐ропро╛родрпБ,171
р░Ор░кр▒Нр░кр▒Бр░бр▒В,172.0,роЗропрпЗроЪрпБ,172
р░Ър▒Зр░╕р▒Нр░др▒Бр░ир▒Нр░ир░╛р░ир▒Б,173.0,роорпБропро▒рпНроЪро┐,173
р░ир░╛р░др▒Л,174.0,роЕройрпБрокро╡ро┐роХрпНроХ,174
р░░р▒Зр░кр▒Б,175.0,роХроЯрпИроЪро┐,175
р░Хр▒Кр░ир▒Бр░Чр▒Лр░▓р▒Б,176.0,роЕройрпБрокрпНрок,176
р░Хр░╛р░╡р░▓р░╕р░┐р░и,177.0,ро╡ро░рпБроорпН,177
р░Ер░ир▒Бр░╕р░░р░┐р░Вр░Ър░Вр░бр░┐,178.0,роПрокрпНро░ро▓рпН,178
р░пр▒Зр░╕р▒Б,179.0,роОрокрпНрокрпЛродрпБроорпН,179
р░Ер░жр▒Гр░╖р▒Нр░Яр░В,180.0,роОройрпН,180
р░Зр░др░░,181.0,рокро┐ройрпНройро░рпН,181
р░╡р░┐р░╖р░пр░В,182.0,ро╡ро┐роЯ,182
р░мр░╣р▒Бр░╢р░╛,183.0,роиро┐роЪрпНроЪропрооро╛роХ,183
р░ир▒Нр░пр▒В,184.0,рооройро┐родройрпН,184
р░др░кр▒Нр░кр▒Б,185.0,роТройрпНро▒ро╛роХ,185
р░Ер░пр░┐р░др▒З,186.0,роЖрогрпНроЯрпБ,186
р░Пр░кр▒Нр░░р░┐р░▓р▒Н,187.0,роЪрпЖрокрпНроЯроорпНрокро░рпН,187
р░бр░мр▒Нр░мр▒Б,188.0,ропрпЗро╛роЪройрпИ,188
р░Ър▒Жр░бр▒Б,189.0,роЪрпЖропрпНроХро┐ро▒родрпБ,189
р░Чр░Вр░Я,190.0,роЕро╡ро░рпНроХро│рпН,190
р░кр░░р░┐р░╖р▒Нр░Хр░╛р░░р░В,191.0,родропро╡рпБроЪрпЖропрпНродрпБ,191
р░Зр░ор▒Жр░пр░┐р░▓р▒Н,192.0,рокро┐ро░роЪрпНроЪро┐ройрпИ,192
р░Хр▒Зр░╡р░▓р░В,193.0,роорпАродрпБ,193
р░╡р▒Нр░пр░Хр▒Нр░др░┐,194.0,роХрпЗро│рпБроЩрпНроХро│рпН,194
р░╣р░Хр▒Нр░Хр▒Бр░▓р▒Б,195.0,ро▓рпАро▓ро╛ро╖рпН,195
р░Цр░Ър▒Нр░Ър░┐р░др░Вр░Чр░╛,196.0,роЖроХро┐ро▒родрпБ,196
р░Хр▒Б,197.0,ро╡ро┐ро░рпИро╡ро╛роХ,197
р░Хр░▓р░┐р░╕р░┐,198.0,роЗро░рпБроХрпНроХро┐ро▒ро╛ро│рпН,198
р░Ьр▒Вр░ир▒Н,199.0,роЪрпЖропрпНро╡родрпБ,199
р░╕р▒Жр░кр▒Нр░Яр▒Жр░Вр░мр░░р▒Н,200.0,роЪро┐ро▒ро┐родрпБ,200
р░Ер░бр░Чр░Вр░бр░┐,201.0,роЙроЩрпНроХро│рпБроЯройрпН,201
р░Йр░Вр░Яр░╛р░пр░┐,202.0,роиро╛ро│рпН,202
р░ир▒Зр░бр▒Б,203.0,роЗро░рпБрокрпНрокрпЗройрпН,203
р░Пр░жр▒Жр▒Цр░ир░╛,204.0,роЙроЩрпНроХро│рпИ,204
р░Ер░╡р▒Бр░др▒Бр░Вр░жр░┐,205.0,роЗроЩрпНроХрпБ,205
р░кр▒Нр░░р░др▒Нр░пр▒Бр░др▒Нр░др░░р░В,206.0,ро╡ро░ро╡рпЗро▒рпНроХро┐ро▒рпЗройрпН,206
р░мр░╛р░Чр▒Бр░Вр░жр░┐,207.0,родро┐ро░рпБроорпНрок,207
р░ир░┐р░ир▒Нр░ир▒Б,208.0,роЪрпЖропрпНроХро┐ро▒рпАро░рпНроХро│рпН,208
р░Ир░░р▒Лр░Ьр▒Б,209.0,роЪрпЖропрпНропро╡ро┐ро▓рпНро▓рпИ,209
р░жр░╛р░ир▒Нр░ир░┐,210.0,ро╡рпЗрогрпНроЯрпБрооро╛,210
р░нр▒Лр░Ьр░ир░В,211.0,ро╡ро╛роЪро┐роХрпНроХ,211
р░╕р░╣р░╛р░пр░╛р░ир▒Нр░ир░┐,212.0,роЕроЩрпНроХрпБ,212
р░Зр░кр▒Нр░кр░Яр░┐р░Хр▒А,213.0,роиро┐ройрпИроХрпНроХро┐ро▒рпАро░рпНроХро│рпН,213
р░др▒Жр░▓р▒Бр░╕р░╛,214.0,ро╡ро┐ро░рпБроорпНрокро╡ро┐ро▓рпНро▓рпИ,214
р░╕р░Вр░др▒Лр░╖р░Вр░Чр░╛,215.0,роорпБродро▓ро┐ро▓рпН,215
р░╕р░╣р░╛р░пр░кр░бр░Чр░▓р░ир▒Б,216.0,родроХро╡ро▓рпН,216
р░кр▒Нр░░р░пр░др▒Нр░ир░┐р░Вр░Ър░Вр░бр░┐,217.0,роОро│ро┐родро╛ройродрпБ,217
р░╡р▒Жр░Вр░Яр▒Нр░░р▒Бр░Х,218.0,ро╡ро┐ро░рпБроорпНрокро▓ро╛роорпН,218
р░жр░╛р░ир░┐,219.0,роОро▓рпНро▓ро╛роорпН,219
р░кр▒Нр░░р░др░┐р░жр▒А,220.0,родрпКроХрпБрокрпНрокрпБ,220
р░ир░┐р░Ьр░В,221.0,родропроЩрпНроХ,221
р░╡р▒Жр░Вр░Яр▒Жр░╖р▒Н,222.0,родро┐ро░рпБроорогроорпН,222
р░кр▒Нр░пр░╛р░Хр▒Зр░Ьр▒А,223.0,ро╡ро┐ро░рпБроорпНрокрпБроХро┐ро▒рпАро░рпНроХро│рпН,223
р░╕р░Вр░Хр▒Лр░Ър░┐р░Вр░Ър░Хр░Вр░бр░┐,224.0,роЗро░рпБроХрпНроХро┐ро▒ро╛ропрпН,224
р░╡р░┐р░╡р░╛р░╣р░В,225.0,роироЯроирпНродродрпБ,225
р░Чр▒Кр░кр▒Нр░к,226.0,роЪрпЖропрпНродро┐,226
р░ор░╛р░░р▒Нр░Чр░В,227.0,роЖроорпН,227
р░ор░ир░┐р░╖р░┐,228.0,ро╡ро┐ро╖ропроорпН,228
р░жр▒Зр░╡р▒Бр░ир░┐,229.0,роирпЗро░родрпНродро┐ро▓рпН,229
р░Хр░е,230.0,роЗро░рпБроХрпНроХро┐ро▒рпЛроорпН,230
р░ир░┐р░ор░┐р░╖р░╛р░▓р▒Б,231.0,роЖрооро╛роорпН,231
р░ор░╛р░░р▒Нр░кр▒Б,232.0,роХродрпИ,232
р░╡р░жр░┐р░▓р░┐,233.0,родрпАро░рпНро╡рпБ,233
р░кр░Вр░кр░Вр░бр░┐,234.0,рокро┐ро░роЪрпНроЪройрпИ,234
р░Ер░кр▒Нр░кр▒Бр░бр▒Б,235.0,роЕро▒ро┐роп,235
р░Ер░▓р░╛,236.0,роХрпВро▒ро┐ройро╛ро░рпН,236
р░жр▒Ар░ир░┐,237.0,родроХро╡ро▓рпБроХрпНроХрпБ,237
р░кр▒Нр░░р░╛р░░р░Вр░нр░┐р░Вр░Ър░бр░╛р░ир░┐р░Хр░┐,238.0,роОро│ро┐родро╛роХ,238
р░ор▒Бр░Вр░жр▒Бр░Хр▒Б,239.0,роЗро░рпБроЩрпНроХро│рпН,239
р░кр▒Нр░░р░др▒Нр░пр▒Зр░Хр░┐р░Вр░Ър░мр░бр▒Нр░бр░╛р░пр░┐,240.0,роЗро░рпБроХрпНроХро┐ро▒родро╛,240
р░Пр░╡р▒Ир░ир░╛,241.0,роХро┐роЯрпИроХрпНроХрпБроорпН,241
р░╕р▒Зр░╡р▒Н,242.0,рокро╛родрпБроХро╛рокрпНрокрпБ,242
р░бр░┐р░╕р▒Жр░Вр░мр░░р▒Н,243.0,роорпБроЯро┐ропрпБрооро╛,243
р░др▒Зр░жр▒А,244.0,роЖрогрпНроЯрпБроХро│рпН,244
р░др░Хр▒Нр░Хр▒Бр░╡,245.0,ро╡ро┐ро░рпБроорпНрокрпБроорпН,245
р░кр▒Кр░бр░╡р▒Бр░ир▒Б,246.0,роЕро▓рпНро▓,246
р░╡р▒Нр░░р░╛р░пр░Вр░бр░┐,247.0,роЬройро╡ро░ро┐,247
р░Ър▒Зр░░р░Вр░бр░┐,248.0,рокро┐рокрпНро░ро╡ро░ро┐,248
тАФ,249.0,рооро╛ро░рпНроЪрпН,249
р░кр▒Жр░░р▒Бр░Чр▒Бр░др▒Бр░ир▒Нр░и,250.0,роПрокрпН,250
р░╡р░┐р░ир░бр░╛р░ир░┐р░Хр░┐,251.0,роЖроХро╕рпНроЯрпН,251
р░Зр░╖р▒Нр░Яр░кр░бр░др░╛р░ор▒Б,252.0,роЕроХрпН,252
р░╕р░Вр░кр▒Нр░░р░жр░┐р░Вр░Ър░бр░╛р░ир░┐р░Хр░┐,253.0,роиро╡,253
р░ор▒Кр░др▒Нр░др░В,254.0,тАФ,254
р░╡р░╛р░░р▒Б,255.0,роЪрпЖро╛ро▓рпНро▓,255
р░Хр▒Нр░░р░┐р░др░В,256.0,роЙрогрпНроЯрпБ,256
р░Ер░ор▒Нр░ор░╛р░пр░┐,257.0,роиро╛роЯрпНроХро│рпБроХрпНроХрпБ,257
р░кр▒Кр░Вр░жр░Вр░бр░┐,258.0,ро╡рпЗрогрпНроЯро┐роп,258
р░░р▒Жр░Вр░бр▒Б,259.0,роороЯрпНроЯрпБроорпН,259
р░╕р░ор░╕р▒Нр░пр░▓р▒Б,260.0,ро╡ро┐ро╖ропроЩрпНроХро│рпН,260
р░╕р▒Вр░др▒Нр░░р░╛р░▓р░ир▒Б,261.0,роХрпЖро╛ро│рпН,261
р░кр▒Кр░Вр░жр░╛р░пр░┐,262.0,родрпАро░рпНроХрпНроХ,262
р░Йр░жр▒Нр░пр▒Лр░Чр▒Бр░▓р▒Б,263.0,ро╡ро┐ро░рпБроорпНрокрпБроХро┐ро▒рпЛроорпН,263
р░╣р░Хр▒Нр░Хр▒Бр░▓р▒В,264.0,роХро╛рогро▓ро╛роорпН,264
р░Ър░┐р░ир▒Нр░и,265.0,роорпБро┤рпБ,265
р░Жр░▓р▒Лр░Ър░ир░▓р▒Б,266.0,роЖрогрпНроЯрпБроХро│рпБроХрпНроХрпБ,266
р░╕р▒Ир░Яр▒Н,267.0,роорпБройрпНрокрпБ,267
р░ор▒Нр░пр░╛р░кр▒Н,268.0,рокрпЖрогрпН,268
р░Жр░╕р░Хр▒Нр░др░┐,269.0,рокропройрпНрокроЯрпБродрпНрод,269
р░Ър▒Зр░╕р▒Нр░др▒Бр░ир▒Нр░ир░╛р░╡р▒Б,270.0,роЪрпЗро╡рпИ,270
р░Ор░Хр▒Нр░Хр░бр░┐р░Хр░┐,271.0,роЗро░рогрпНроЯрпБ,271
р░др▒Нр░╡р░░р░Чр░╛,272.0,ро╡рпАроЯрпНроЯро┐ро▓рпН,272
р░Йр░ир▒Нр░ир░╛р░бр▒Б,273.0,рокро┐ро▒роХрпБ,273
р░Ер░Вр░жр░Вр░Чр░╛,274.0,роЪрпЖро▓ро╡ро╛роХрпБроорпН,274
р░кр░ир░┐р░Хр░┐,275.0,рооро▒рпНро▒,275
р░╡р▒Жр░│р▒Нр░│р░┐,276.0,роорпЗро▒рпНрокроЯрпНроЯ,276
р░╡р░╕р▒Нр░др░╛р░ир▒Б,277.0,роОройрпНроХро┐ро▒ро╛ро░рпН,277
р░Хр░╛р░░р▒Б,278.0,роороЯрпНроЯрпБроорпЗ,278
р░Зр░╡р▒Нр░╡р░Вр░бр░┐,279.0,родро│,279
р░Зр░Вр░Яр░┐р░Хр░┐,280.0,ро╡ро░рпИрокроЯроорпН,280
р░Ор░кр▒Нр░кр▒Бр░бр▒Б,281.0,роЖро░рпНро╡рооро╛роХ,281
р░ир▒А,282.0,ро╡ропро┐ро▒рпБ,282
р░Ьр░╛р░Чр▒Нр░░р░др▒Нр░др░Чр░╛,283.0,роЪрпЖропрпНроХро┐ро▒ро╛ропрпН,283
р░ор░┐р░ор▒Нр░ор░▓р▒Нр░ир░┐,284.0,роЕро┤роХро╛роХ,284
р░Ер░нр░┐р░ир░Вр░жр░┐р░╕р▒Нр░др▒Бр░ир▒Нр░ир░╛р░ир▒Б,285.0,роОройрпНройрпБроЯройрпН,285
р░Ър▒Зр░╢р░╛р░░р▒Б,286.0,ро╡ро╛,286
р░╕р▒Кр░Вр░д,287.0,роЗро░рпБроХрпНроХро┐ро▒ро╛ро░рпНроХро│рпН,287
р░кр▒Нр░░р░гр░╛р░│р░┐р░Х,288.0,ро╡рпЗро▓рпИроХрпНроХрпБ,288
р░Ър▒Зр░╕р▒Нр░др▒Бр░ир▒Нр░ир░╛р░░р▒Б,289.0,ро╡рогрпНроЯро┐,289
р░Хр░╛р░╡р░╛р░▓р░╛,290.0,ро╡роирпНродрпБро╡ро┐роЯрпНроЯродрпБ,290
р░╕р░Вр░╡р░др▒Нр░╕р░░р░В,291.0,роЪрпЖро▓рпНро▓,291
р░╕р░Вр░Цр▒Нр░п,292.0,ро╡рпАроЯрпНроЯро┐ро▒рпНроХрпБ,292
р░╕р░Вр░╡р░др▒Нр░╕р░░р░╛р░▓р▒Б,293.0,роОродрпИропрпБроорпН,293
р░нр░╛р░Чр░╕р▒Нр░╡р░╛р░ор▒Нр░пр░В,294.0,роХрпВро▒ро┐ропро┐ро░рпБроирпНродро╛ро▓рпН,294
р░Ьр░░р░Чр░▓р▒Зр░жр▒Б,295.0,рокро┐роЯро┐роХрпНроХро╡ро┐ро▓рпНро▓рпИ,295
р░╡р░╛р░Яр░┐р░ир░┐,296.0,ро╡ро┐ро░рпИро╡ро┐ро▓рпН,296
р░кр▒Кр░Вр░жр░бр░╛р░ир░┐р░Хр░┐,297.0,роЗроирпНродроХрпН,297
р░Зр░▓р░╛,298.0,роорпБро▒рпИ,298
р░др▒Жр░▓р▒Бр░╕р▒Бр░Хр▒Лр░╡р░Ър▒Нр░Ър▒Б,299.0,роорпБроЯро┐ропро╛родрпБ,299
р░Хр░╛р░жр░╛,300.0,ро╡ро┐ро▓рпИ,300
р░Ьр░╕р▒Нр░Яр▒Н,301.0,роХро╡ройрооро╛роХ,301
р░др▒Жр░▓р░┐р░пр░Ьр▒Зр░пр░╛р░▓р░ир▒Бр░Хр▒Бр░Вр░Яр▒Бр░ир▒Нр░ир░╛р░ир▒Б,302.0,роЪроирпНродро┐роХрпНроХ,302
р░╕р░╣р░╛р░пр░кр░бр▒Бр░др▒Бр░Вр░жр░ир░┐,303.0,роЙрогрпНроорпИропро┐ро▓рпЗропрпЗ,303
р░Жр░╢р░┐р░╕р▒Нр░др▒Бр░ир▒Нр░ир░╛р░ир▒Б,304.0,рокро╛ро░ро╛роЯрпНроЯрпБроХро┐ро▒рпЗройрпН,304
р░Хр░ир▒Бр░Чр▒Кр░ир▒Зр░Вр░жр▒Бр░Хр▒Б,305.0,родроирпНродрпИ,305
р░Ер░ир░┐,306.0,роЗроирпНродро┐ропро╛,306
р░Ър▒Жр░пр▒Нр░пр░╛р░▓р░ир▒Бр░Хр▒Бр░Вр░Яр▒Бр░ир▒Нр░ир░╛р░░р▒Б,307.0,роЙройроХрпНроХрпБродрпН,307
р░Чр▒Бр░░р▒Нр░др▒Б,308.0,роЗро░рпБроирпНродрпЗройрпН,308
р░кр▒Нр░░р░╛р░░р░Вр░нр░┐р░Вр░Ър░Вр░бр░┐,309.0,роЪрпЖропрпНроХро┐ро▒рпЗройрпН,309
р░мр░╣р▒Бр░ор░др▒Бр░▓р▒Б,310.0,роЪрпКроирпНрод,310
р░╡р▒Зр░Чр░Вр░Чр░╛,311.0,родро┐роЯрпНроЯроорпН,311
р░Ьр░░р░┐р░Чр░┐р░Вр░жр░┐,312.0,рокро┐роЯро┐роХрпНроХрпБроорпН,312
р░Ър▒Зр░пр░Чр░▓р░░р░╛,313.0,ро╡роирпНродродрпБ,313
р░╕р░Вр░жр▒Зр░╢р░В,314.0,роорпЗроорпНрокроЯрпБродрпНрод,314
р░кр▒Нр░░р░пр░др▒Нр░ир░┐р░Вр░Ър░╛р░▓р░┐,315.0,роиро┐ро▒рпБродрпНрод,315
р░Ер░ир▒Бр░Хр▒Бр░Вр░Яр▒Бр░ир▒Нр░ир░╛р░░р▒Б,316.0,роОрой,316
р░╕р░ор░пр░Вр░▓р▒Л,317.0,роироорпНроорпИ,317
р░Йр░жр▒Нр░пр▒Лр░Чр░В,318.0,рокро┐ройрпНрокро▒рпНро▒,318
р░ор░╛р░ир░╡,319.0,роЗрокрпНрокрпЖро╛ро┤рпБродрпБ,319
р░Ор░Вр░Ър▒Бр░Хр▒Лр░Вр░бр░┐,320.0,роЕро╡ро░рпНроХро│рпИ,320
р░╢р░╛р░Вр░др░┐,321.0,роЕройрпИро╡ро░рпБроорпН,321
р░Ър▒Зр░╢р░╛р░В,322.0,роЗро▓рпНро▓рпИропро╛,322
р░Цр░╛р░│р▒Ар░Чр░╛,323.0,роЕродройро╛ро▓рпН,323
р░Ър▒Жр░пр▒Нр░пр░Чр░▓р░░р▒Б,324.0,роЪро┐ро░ро┐роХрпНроХ,324
р░╕р░Вр░жр▒Зр░╢р░╛р░ир▒Нр░ир░┐,325.0,роЙродро╡рпБроорпН,325
р░╡р░╛р░Чр▒Нр░жр░╛р░ир░В,326.0,роЪрпЖропро▓рпНрокроЯрпБроХро┐ро▒родрпБ,326
р░Ор░╡р░░р▒Л,327.0,родрпЗроЯрпБроХро┐ро▒рпАро░рпНроХро│рпН,327
р░кр░░р░┐р░╖р▒Нр░Хр░░р░┐р░Вр░Ър░бр░╛р░ир░┐р░Хр░┐,328.0,рокро┐ро▒,328
р░╡р▒Жр░Вр░Яр░ир▒З,329.0,рооро┐ро╕рпНро▓ро╛ро▓рпЛроЯрпН,329
р░ир░┐р░Ьр░ор▒Жр▒Цр░и,330.0,роХро┐роЯрпИроХрпНроХро╡ро┐ро▓рпНро▓рпИропро╛,330
р░Ър▒Вр░╕р▒Нр░др▒Бр░ир▒Нр░и,331.0,роЗро░рпБроХрпНроХро┐ро▒рпЗро╛роорпН,331
р░Ър▒Вр░бр░Яр░В,332.0,роЖ,332
р░кр▒Нр░░р▒Зр░ор░┐р░╕р▒Нр░др▒Бр░ир▒Нр░и,333.0,роХро╛родрпНродро┐ро░рпБроХрпНроХ,333
р░Хр▒Лр░░р▒Бр░Хр▒Бр░Вр░Яр▒Бр░ир▒Нр░ир░╛р░░р▒Б,334.0,роЮро╛рокроХроорпН,334
р░Ър▒Зр░пр░╛р░▓р▒Л,335.0,роорпБроХрпНроХро┐ропрооро╛рой,335
р░╕р░░р▒Ир░и,336.0,рокрпЗро╛ройрпНро▒,336
р░╡р░Ър▒Нр░Ър░╛р░░р▒Б,337.0,роТройрпНро▒рпБ,337
р░Ер░Яр▒Бр░╡р░Вр░Яр░┐,338.0,роЙрогрпНроорпИ,338
р░Ър▒Зр░╕р▒Нр░др░╛р░ор▒Б,339.0,роХрогрпНроЯрпБрокро┐роЯро┐роХрпНроХ,339
р░ир▒Жр░▓р░▓р▒Б,340.0,роиро┐ройрпИро╡ро┐ро▓рпН,340
р░╕р░Вр░╡р░др▒Нр░╕р░░р░ор▒Б,341.0,роЖроГрокрпН,341
р░Хр▒Лр░бр▒Н,342.0,роЪро░ро┐,342
р░Ор░╡р░░р▒Ир░ир░╛,343.0,ро╡ро┐ро╖ропроЩрпНроХро│рпИ,343
р░кр▒Кр░бр░╡р▒Б,344.0,роорпБропро▒рпНроЪро┐роХрпНроХ,344
р░╕р▒Нр░ир▒Зр░╣р░┐р░др▒Бр░▓р░Хр▒Б,345.0,роорпЗро╛роЪрооро╛рой,345
р░Ър▒Жр░кр▒Нр░кр░Вр░бр░┐,346.0,родрпКроХрпБродро┐,346
р░др▒Жр░▓р░┐р░╡р▒Жр▒Цр░и,347.0,рокропройрпНрокроЯрпБродрпНродро╡рпБроорпН,347
р░Тр░Хр░╕р░╛р░░р░┐,348.0,рооройро┐род,348
р░Пр░ор░┐р░Яр░Вр░Яр▒З,349.0,рооро╛ро▒рпНро▒роорпН,349
р░Жр░Я,350.0,роОроЯрпБродрпНродрпЛроорпН,350
р░кр░░р▒Ар░Хр▒Нр░╖,351.0,роЪрпЖропрпНродро┐ропрпИ,351
р░Ър▒Вр░бр░Чр░▓р░░р▒Б,352.0,ро╡ро┐роЯрпНроЯрпБ,352
р░Ер░Вр░д,353.0,ро╡ро┐ро░рпБроорпНрокро┐ройро╛ро▓рпН,353
р░Ър▒Зр░╕р▒Нр░др░╛р░ир▒Б,354.0,ро╡ро┤ро┐ропро┐ро▓рпН,354
р░Ер░ир▒Бр░нр▒Вр░др░┐,355.0,ро╡ро┐роЪро╛ро░рогрпИроХро│рпН,355
р░кр▒Лр░╕р▒Нр░Яр▒Н,356.0,роЕродрпЗ,356
р░Ер░бр▒Нр░ор░┐р░ир▒Н,357.0,роЕроЩрпНроХрпЗ,357
р░др▒Жр░▓р░кр░Вр░бр░┐,358.0,роЙроЯройрпН,358
р░жр▒Ар░ир░┐р░ир░┐,359.0,рокрпЗро╛ро▓рпН,359
р░мр░░р▒Бр░╡р▒Б,360.0,роРроирпНродрпБ,360
р░жр▒Зр░╡р▒Бр░бр▒Б,361.0,родрпЖро░ро┐роХро┐ро▒родрпБ,361
р░Хр░╛р░╡р░Ър▒Нр░Ър▒Б,362.0,роорпБро▒рпИропро╛роХ,362
р░Йр░кр░пр▒Лр░Чр░┐р░Вр░Ър░Вр░бр░┐,363.0,ро╡ро┐роЪро╛ро░рогрпИ,363
р░Ър▒Жр░кр▒Нр░кр▒З,364.0,роирпЗроЪро┐роХрпНроХро┐ро▒ро╛ро░рпН,364
р░╡р░┐р░ир░Вр░бр░┐,365.0,ро╡ро┤роЩрпНроХ,365
р░╕р▒Зр░╡,366.0,рооро╛родро┐ро░ро┐,366
р░кр░бр▒Бр░др▒Бр░Вр░жр░┐,367.0,роТро░рпЗ,367
р░Ер░ир▒Бр░Хр▒Бр░Вр░Яр▒Бр░ир▒Нр░ир░╛р░░р░╛,368.0,рооро╛родроорпН,368
р░Ер░Вр░жр░┐р░Вр░Ър▒З,369.0,роироЯроХрпНроХрпБроорпН,369
р░╡р▒Жр░мр▒Нр░╕р▒Жр▒Цр░Яр▒Н,370.0,роОро╡рпНро╡ро╛ро▒рпБ,370
р░░р▒Лр░Ьр▒Бр░▓,371.0,родрпЗро░рпНро╡рпБ,371
р░╡р▒Нр░пр░╛р░Цр▒Нр░пр░▓р▒Б,372.0,роХрпБро▒рпИро╡ро╛роХ,372
р░Ър▒Вр░╕р░┐р░и,373.0,роОро┤рпБродрпБ,373
р░нр░╡р░┐р░╖р▒Нр░пр░др▒Нр░др▒Бр░▓р▒Л,374.0,роЪрпЗро░,374
р░ир░╛р░╢р░ир░В,375.0,роирогрпНрокро░рпНроХро│ро┐роЯроорпН,375
р░Ор░Вр░жр▒Бр░Хр░Вр░Яр▒З,376.0,роЪрпКро▓рпНро▓рпБроЩрпНроХро│рпН,376
р░Хр░╛р░╢р▒А,377.0,роОройрпНрокродрпИ,377
р░╡р░╛р░░р░┐,378.0,роЙро│рпНро│,378
р░Йр░Вр░Яр░╛р░░р▒Б,379.0,роЪрпЖро▓рпНроХро┐ро▒родрпБ,379
р░кр▒Нр░░р░╛р░░р░Вр░нр░В,380.0,роЪрпЖропрпНродрпЛроорпН,380
р░╢р▒Бр░нр░╡р░╛р░░р▒Нр░д,381.0,роороХро┐ро┤рпНроЪрпНроЪро┐ропро╛роХ,381
р░Йр░жр░пр░В,382.0,роЪрпЗро╛родройрпИ,382
тАЬр░Ор░Вр░жр▒Бр░Хр▒БтАЭ,383.0,роЕро╡рпНро╡ро│ро╡рпБ,383
р░Ер░╡р░╕р░░р░ор▒Ир░и,384.0,роХро╛родрпНродро┐ро░рпБроХрпНроХро╡рпБроорпН,384
р░кр▒Нр░░р░др▒Нр░пр▒Зр░Хр░┐р░Вр░Ър▒Бр░Хр▒Лр░╡р░бр░ор▒Жр▒Цр░ир░жр░┐,385.0,роиройрпНро▒рпБ,385
р░╕р░░р▒Нр░╡р░╕р▒Нр░╡р░╛р░ор▒Нр░п,386.0,роЪрпЖро▓рпБродрпНрод,386
р░░р░Хр▒Нр░╖р░┐р░др░В,387.0,роиройрпНроХрпЖро╛роЯрпИ,387
р░▓р░┐р░ор░┐р░Яр▒Жр░бр▒Н,388.0,роХрпБро▒рпИро╡ро╛роХро╡рпБроорпН,388
р░Ър▒Жр░▓р▒Нр░▓р░┐р░Вр░кр▒Б,389.0,родро╡ро▒рпБ,389
р░╕р▒Бр░░р░Хр▒Нр░╖р░┐р░др░В,390.0,роЪрпЖропрпНро╡рпЗройрпН,390
р░Йр░Вр░жр░╛,391.0,роорпБроЯро┐роирпНрод,391
р░кр▒Жр░жр▒Нр░ж,392.0,роОро┤рпБродро╡рпБроорпН,392
р░╡р░╕р▒Нр░др▒Бр░ир▒Нр░ир░╛р░░р░╛,393.0,роХроЯро╡рпБро│рпН,393
р░Йр░кр░пр▒Лр░Чр░┐р░Вр░Ър░бр░╛р░ир░┐р░Хр░┐,394.0,роиро┐ро░рпНро╡ро╛роХроорпН,394
р░Ер░Вр░жр░░р▒В,395.0,роЙрогрпНроорпИропрпИ,395
р░Хр░╛р░░р▒Нр░Яр▒Н,396.0,родрпЖро░ро┐роирпНродрпБ,396
р░╣р▒Лр░В,397.0,роХрпКро│рпНро│,397
р░Ер░╡р░Хр░╛р░╢р░╛р░▓р▒Б,398.0,роОроЩрпНроХрпБроорпН,398
р░▓р▒Зр░╡р▒Б,399.0,роЗродрпБро╡ро░рпИ,399
р░ор░│р▒Нр░▓р▒А,400.0,рокро┐роЯро┐родрпНродрпБ,400
р░╕р▒Жр▒Цр░Яр▒Н,401.0,родрпКроЯро░рпНрокрпБ,401
р░╕р░Вр░мр░Вр░зр░╛р░▓р▒Б,402.0,рокро▓,402
р░ор▒Бр░Вр░жр▒Б,403.0,рокро╛родрпБроХро╛роХрпНроХ,403
р░Жр░╣р░╛р░░,404.0,ро╡ро┐ро│роорпНрокро░родро╛ро░ро░рпНроХро│рпН,404
р░╕р░╛р░зр░╛р░░р░гр░Вр░Чр░╛,405.0,ро╡ро╛ро░рпНродрпНродрпИроХро│рпН,405
р░░р░╛р░пр░Вр░бр░┐,406.0,роЪро░ро╛роЪро░ро┐,406
р░Жр░▓р▒Лр░Ър░┐р░╕р▒Нр░др░╛р░бр▒Б,407.0,роХро╛рогрпНроХ,407
р░Ър▒Жр░кр▒Нр░кр░бр░╛р░ир░┐р░Хр░┐,408.0,роЪрпКро▓рпНроХро┐ро▒ро╛ро░рпНроХро│рпН,408
р░╡р░░р░Хр▒Б,409.0,роОроЯрпИ,409
р░Ор░Хр▒Нр░Хр░бр▒Жр▒Цр░ир░╛,410.0,роЕро▒рпНрокрпБродрооро╛рой,410
р░Чр▒Бр░Вр░бр▒Ж,411.0,рооро┐ро╕рпНро▓ро╛рооро╛роЯрпН,411
р░╣р░╛,412.0,роЪро┐,412
р░ир░┐р░ор░┐р░╖р░В,413.0,роЪрпЖро╛ро▓рпНро╡родрпИроХрпН,413
р░╡р░┐р░╢р▒Нр░╡р░╛р░╕р░В,414.0,роЖроХрпБроорпН,414
р░╕р░нр▒Нр░пр▒Бр░▓р░╛,415.0,роОроЩрпНроХро│рпБроХрпНроХрпБродрпН,415
р░Зр░╕р▒Нр░др░╛р░ор▒Б,416.0,рокро┐ро░роЪрпНроЪро┐ройрпИроХро│рпН,416
р░кр░░р▒Нр░пр░╛р░╡р░░р░г,417.0,роЗрогрпИропродро│роорпН,417
р░░р▒Лр░Ьр▒Бр░▓р░Хр▒Б,418.0,роХро┐роЯрпИродрпНродродрпБ,418
р░╡р░╕р▒Нр░др░╛р░пр░┐,419.0,роОродро┐ро░рпНроХро╛ро▓родрпНродро┐ро▓рпН,419
р░кр▒Кр░Яр▒Нр░Я,420.0,роЕройрпИро╡ро░рпБроХрпНроХрпБроорпН,420
р░ир▒Кр░кр▒Нр░кр░┐,421.0,роХрпЗро│рпНро╡ро┐роХро│рпБроХрпНроХрпБ,421
р░╡р▒Жр░│р▒Нр░др▒Бр░ир▒Нр░ир░╛р░╡р▒Б,422.0,роЕроорпИродро┐ропро╛роХ,422
р░Хр░╛р░лр▒А,423.0,ро╡рпЖро▒рпНро▒рпБ,423
р░др░╛р░Чр▒Бр░др░╛р░╡р░╛,424.0,роЕро╡ро░рпНроХро│ро┐ройрпН,424
р░Ер░пр▒Нр░пр░┐р░Вр░жр░┐,425.0,родрпКроЯроЩрпНроХ,425
р░Хр░╛р░╕р▒Нр░д,426.0,родрооро┐ро┤рпН,426
р░Ър▒Зр░пр░┐,427.0,родрпКро▓рпИрокрпЗроЪро┐,427
р░Ър▒Бр░░р▒Бр░Хр▒Бр░Чр░╛,428.0,роЙроЩрпНроХро│ро┐роЯрооро┐ро░рпБроирпНродрпБ,428
р░╡р▒Жр░Вр░Я,429.0,роЕройрпИродрпНродрпБроорпН,429
р░ир░бр░┐р░Ър░┐р░╡р░╛,430.0,ро▓ро┐рооро┐роЯрпЖроЯрпН,430
р░др░┐р░ир░╛р░▓р░┐,431.0,роХроЯрпНроЯрогроорпН,431
р░кр▒Бр░╕р▒Нр░др░Хр░В,432.0,роЗро▓ро╡роЪ,432
р░Ър▒Вр░бр░╛р░▓р░ир▒Бр░Хр▒Бр░Вр░Яр▒Бр░ир▒Нр░ир░╛р░ир▒Б,433.0,роЪрпЗро░рпНроХрпНроХрпИ,433
р░╡р░┐р░Ьр░пр▒Н,434.0,роЪро┐ро▒ро┐роп,434
р░╕р▒Нр░ир▒Зр░╣р░┐р░др▒Бр░▓р▒Б,435.0,роЗро░рпБроирпНродродрпБ,435
р░ир░бр▒Бр░кр▒Бр░др░╛р░╡р░╛,436.0,роКро┤ро┐ропро░рпНроХро│рпН,436
р░╡р░░р▒Нр░╖р░В,437.0,роЕройрпНрокрпБ,437
р░Ер░др░ир▒Нр░ир░┐,438.0,ро╡рогрпНроЯро┐ропро┐ро▓рпН,438
р░кр▒Нр░░р▒Зр░ор░┐р░╕р▒Нр░др▒Бр░ир▒Нр░ир░╛р░ир▒Б,439.0,ро╡ро┐роЯрпБроЩрпНроХро│рпН,439
р░кр▒Кр░бр░╡р▒Бр░Чр░╛,440.0,родро▒рпНрокрпЛродрпБ,440
р░кр░╛р░Я,441.0,ро╡ро╛ропрпНрокрпНрокрпБроХро│рпН,441
р░кр░╛р░бр░╛р░ир▒Б,442.0,роЕро░рпНродрпНродроорпН,442
р░╕р░┐р░ир░┐р░ор░╛р░Хр▒Б,443.0,роиро╛ро│рпБроорпН,443
р░╡р▒Жр░│р▒Нр░│р░╛р░▓р░ир▒Бр░Хр▒Бр░Вр░Яр▒Бр░ир▒Нр░ир░╛р░ир▒Б,444.0,роХрпЖро╛рогрпНроЯрпБ,444
р░Зр░кр▒Нр░кр▒Бр░бр▒Зр░В,445.0,роЕро│ро┐роХрпНроХрокрпНрокроЯрпБроорпН,445
р░Ър▒Зр░╕р▒Нр░др▒Бр░ир▒Нр░ир░╛р░бр▒Б,446.0,роЗродропродрпНродро┐ро▓рпН,446
р░Ър▒Зр░╢р░╛р░╡р░╛,447.0,ро╣ро╡ро░рпН,447
р░кр░╛р░ар░╢р░╛р░▓р░Хр▒Б,448.0,роиро┐рооро┐роЯроорпН,448
р░╡р▒Жр░│р▒Нр░▓р░╛р░ир▒Б,449.0,роОро▓рпНро▓рпЛро░рпБроорпН,449
р░ир▒Ар░др▒Л,450.0,рокро┐ро░роЪрпНроЪро┐ройрпИроХро│рпИ,450
р░╕р▒Вр░░р▒Нр░пр▒Бр░бр▒Б,451.0,родро╛ройрпН,451
р░Ор░Хр▒Нр░Хр▒Бр░╡р░Чр░╛,452.0,роироорпНрокро┐роХрпНроХрпИ,452
р░Хр▒Кр░Вр░Ър▒Жр░В,453.0,роЙро▒рпБрокрпНрокро┐ройро░ро╛,453
р░ир▒Ар░│р▒Нр░▓р▒Б,454.0,роТро╡рпНро╡рпКро░рпБ,454
р░╕р▒Нр░ир▒Зр░╣р░┐р░др▒Бр░бр░┐р░ир░┐,455.0,роиро┐рооро┐роЯроЩрпНроХро│ро┐ро▓рпБроорпН,455
р░Хр░▓р▒Бр░╕р▒Нр░др░╛р░░р░╛,456.0,роЪрпЖропрпНропрпБроорпН,456
р░Зр░╡р░┐,457.0,роиро╛ро│рпИроХрпНроХрпБ,457
р░Пр░ор░┐р░Яр▒Л,458.0,роОрогрпНроХро│рпИ,458
р░╡р▒Жр░│р▒Нр░│р░др░╛р░░р▒Б,459.0,ро╡ро▓ро┐,459
р░Ър▒Жр░кр▒Нр░кр░┐р░и,460.0,роЪрпЖро▓рпНроХро┐ро▒ро╛ропрпН,460
р░Ър▒Зр░╢р░╛р░ир▒Б,461.0,роХро╛рокро┐,461
р░Пр░жр▒А,462.0,роХрпБроЯро┐рокрпНрокро╛ропро╛,462
р░ор░░р▒Нр░Ър░┐р░кр▒Лр░ир▒Б,463.0,роирпАрогрпНроЯ,463
р░Ър▒Жр░кр▒Нр░кр▒Бр░Вр░Яр▒З,464.0,роЗродрпИроХрпН,464
р░ир░Ър▒Нр░Ър░жр▒Б,465.0,роХрпКроЮрпНроЪроорпН,465
р░ор░╛р░Яр▒Нр░▓р░╛р░бр░┐р░Вр░жр░┐,466.0,роЪрпЖропрпН,466
р░Хр░ир▒Бр░Чр▒Кр░Вр░Яр░╛р░ир▒Б,467.0,роЪрпБро▒рпБроЪрпБро▒рпБрокрпНрокро╛ройро╡ройро╛роХ,467
р░кр░Вр░бр▒Б,468.0,роЗро░рпБроХрпНроХро┐ро▒ро╛ройрпН,468
р░др▒Ар░пр░Чр░╛,469.0,роироЯроирпНродрпБ,469
р░░р░╛р░╡р░╛р░▓р░ир▒Бр░Хр▒Бр░Вр░Яр▒Бр░ир▒Нр░ир░╛р░ир▒Б,470.0,роЪро╛рокрпНрокро┐роЯ,470
р░Йр░Вр░бр▒Б,471.0,рокрпБродрпНродроХроорпН,471
р░Зр░кр▒Нр░кр░бр▒Б,472.0,роОройрпНройрпБроЯрпИроп,472
р░Ър▒Зр░пр░▓р▒Зр░жр░╛,473.0,ро╡ро┐роЬропрпН,473
р░кр▒Бр░Яр▒Нр░Яр░┐р░и,474.0,роирогрпНрокро░рпНроХро│рпН,474
р░╡р░╕р▒Нр░др░╛р░бр▒Б,475.0,роЪрпЖройрпНро▒рпБ,475
р░▓р▒Ир░ир▒Н,476.0,ро╡ро░рпБроХро┐ро▒рпЗройрпН,476
р░кр▒Кр░Вр░жр░╛р░▓р░ир▒Бр░Хр▒Бр░Вр░Яр▒Бр░ир▒Нр░ир░╛р░ир▒Б,477.0,роУроЯрпНроЯрпБроХро┐ро▒ро╛ропро╛,477
р░Ир░╕р░╛р░░р░┐,478.0,рооро┤рпИ,478
р░Хр▒Бр░жр░░р░жр▒Б,479.0,роЕро╡ройрпИ,479
р░Цр░░р▒Ар░жр▒Ир░ир░жр░┐,480.0,роЙропро░рооро╛роХ,480
р░Ер░бр▒Бр░Чр▒Бр░др▒Бр░ир▒Нр░ир░╛р░░р▒Б,481.0,рокро╛роЯро▓рпН,481
р░Йр░Вр░Яр░╛р░ир▒Б,482.0,рокро╛роЯро┐ройрпЗройрпН,482
р░Ер░▓р░╕р░┐р░кр▒Лр░пр░╛р░ир▒Б,483.0,роорпБроЯро┐роХрпНроХро▓ро╛роорпН,483
р░Хр▒Кр░Вр░д,484.0,роЪро┐ройро┐рооро╛ро╡ро┐ро▒рпНроХрпБ,484
р░ор░╛р░Яр▒Нр░▓р░╛р░бр░╛р░▓р░ир▒Бр░Хр▒Бр░Вр░Яр▒Бр░ир▒Нр░ир░╛р░ир▒Б,485.0,роЪрпЖропрпНроХро┐ро▒ро╛ройрпН,485
р░жр▒Вр░░р░В,486.0,роЪро╛рокрпНрокро┐роЯрпНроЯро╛ропро╛,486
р░Ър░жр▒Бр░╡р▒Бр░др▒Бр░ир▒Нр░ир░кр▒Нр░кр▒Бр░бр▒Б,487.0,рокро│рпНро│ро┐роХрпНроХрпБ,487
р░кр░ир░┐р░ир░┐,488.0,роЪрпЖройрпНро▒рпЗройрпН,488
р░кр▒Вр░░р▒Нр░др░┐р░Ър▒Зр░╕р▒Нр░др░╛р░ир▒Б,489.0,роЙройрпНройрпБроЯройрпН,489
р░Хр░▓р░╡р░╛р░▓р░ир▒Бр░Хр▒Бр░Вр░Яр▒Бр░ир▒Нр░ир░╛р░ир▒Б,490.0,ро╡ро░рпБро╡рпЗройрпН,490
р░ор▒Жр░Ър▒Нр░Ър▒Бр░Хр▒Бр░Вр░Яр▒Бр░ир▒Нр░ир░╛р░ир▒Б,491.0,роЪрпЖропрпНродрпБроХрпКрогрпНроЯрпБ,491
р░Жр░╣р░╛р░░р░В,492.0,роЪрпВро░ро┐ропройрпН,492
р░░р▒Бр░Ър░┐р░Чр░╛,493.0,роЕродро┐роХрооро╛роХро╡ро┐ро░рпБроХрпНроХро┐ро▒родрпБ,493
р░кр▒Нр░░р▒Зр░ор░┐р░╕р▒Нр░др▒Бр░ир▒Нр░ир░╛р░╡р░╛,494.0,родрогрпНрогрпАро░рпН,494
р░Ер░бр░Чр░бр░╛р░ир░┐р░Хр░┐,495.0,роХрпКроЯрпБроЩрпНроХро│рпН,495
р░ир░╛р░ир▒Нр░и,496.0,роирогрпНрокро░рпИ,496
р░нр░╛р░░р░др░жр▒Зр░╢р░╛р░ир░┐р░Хр░┐,497.0,роЪроирпНродро┐роХрпНроХро┐ро▒рпАро░рпНроХро│ро╛,497
р░╡р▒Жр░│р▒Нр░│р░╛р░░р▒Б,498.0,роЗро╡рпИ,498
р░╡р░┐р░ир▒Нр░ир░╛р░ир▒Б,499.0,роОройрпНройро╡рпЖройрпНро▒рпБ,499
р░Ор░Вр░др░Чр░╛,500.0,родрпЖро░ро┐ропро╡ро┐ро▓рпНро▓рпИ,500
р░кр▒Нр░░р▒Зр░ор░┐р░╕р▒Нр░др▒Бр░ир▒Нр░ир░╛р░ир▒Л,501.0,рокрпЛроХро┐ро▒рпАро░рпНроХро│рпН,501
р░Ър▒Зр░╕р▒Нр░др░╛р░░р░╛,502.0,роХрпВро▒ро┐ропродрпИ,502
р░ор░╛р░Яр▒Нр░▓р░╛р░бр░▓р▒Зр░жр▒Б,503.0,роорпБроЯро┐родрпНродрпЗройрпН,503
р░Хр▒Кр░жр▒Нр░жр░┐р░╕р▒Зр░кр▒Б,504.0,рокро┐роЯро┐родрпНродрооро╛ройродрпБ,504
р░ор░░р▒Нр░Ър░┐р░кр▒Лр░пр░╛р░╡р░╛,505.0,рооро▒роХрпНроХрооро╛роЯрпНроЯрпЗройрпН,505
р░Хр░╖р▒Нр░Яр░В,506.0,рокрпЗроЪро┐ройро╛ро│рпН,506
р░кр▒Бр░Яр▒Нр░Яр░┐р░ир░░р▒Лр░Ьр▒Б,507.0,роТро░рпБроиро╛ро│рпН,507
р░ор░░р░Ър░┐р░кр▒Лр░▓р▒Зр░жр▒Б,508.0,роХрогрпНроЯрпБрокро┐роЯро┐роХрпНроХро┐ро▒рпЗройрпН,508
р░жр▒Зр░╢р░╛р░ир░┐р░Хр░┐,509.0,рокро┤роорпН,509
р░░р░╛р░╡р░╛р░▓р░ир▒Бр░Хр▒Бр░Вр░Яр▒Бр░ир▒Нр░ир░╛р░░р░╛,510.0,роЗройро┐роорпИропро╛роХ,510
р░др▒Жр░▓р░┐р░╡р░┐р░Чр░╛,511.0,ро╡ро░,511
р░Ър▒Зр░╕р▒Нр░др▒Бр░ир▒Нр░ир░╛р░░р▒Л,512.0,роХро╛родрпНродро┐ро░рпБ,512
р░Ър▒Зр░пр░▓р▒Зр░жр▒Б,513.0,роЪрпЖропрпНропро╡ро┐ро▓рпНро▓рпИропро╛,513
р░╡р░╛р░др░╛р░╡р░░р░гр░В,514.0,рокро┐ро▒роирпНрод,514
р░╕р▒Нр░ир░╛р░ир░В,515.0,родро┐ро░рпБроорпНрокро┐ро╡ро┐роЯрпБро╡ро╛ройрпН,515
р░Ър▒Зр░пр░╛р░▓р░ир▒Бр░Хр▒Бр░Вр░Яр▒Бр░ир▒Нр░ир░╛р░░р░╛,516.0,роХрпЛроЯрпБ,516
р░мр▒Ир░Хр▒Н,517.0,роиро▓рпНро▓родрпБ,517
р░лр▒Ар░▓р▒Н,518.0,роЙродро╡ро┐ропрпИрокрпН,518
р░Ер░╡р▒Бр░др▒Бр░ир▒Нр░ир░╛р░░р▒Б,519.0,роОройрпНройро╛ро▓рпН,519
р░Ор░Вр░др░Хр░╛р░▓р░В,520.0,роЙропро░рпНроирпНродродрпБ,520
р░кр▒Бр░╕р▒Нр░др░Хр░╛р░▓р▒Б,521.0,роХрпЗроЯрпНроХро┐ро▒рпАро░рпНроХро│рпН,521
р░Цр░░р▒Ар░жр▒Б,522.0,роЙройрпН,522
р░Ър▒Жр░кр▒Нр░кр░┐,523.0,роЪрпЛро░рпНро╡ро╛роХ,523
р░Йр░Вр░бр▒Зр░░р▒Б,524.0,рокрпЗроЪ,524
р░Жр░▓р▒Лр░Ър░┐р░╕р▒Нр░др▒Бр░ир▒Нр░ир░╛р░░р░╛,525.0,родрпВро░роорпН,525
р░╡р░╕р▒Нр░др░╛р░╡р▒Б,526.0,рокроЯро┐роХрпНроХрпБроорпН,526
р░мр░╛р░Хр▒Нр░╕р▒Н,527.0,рокрпКро┤рпБродрпБ,527
р░Ор░Хр▒Нр░Хр░бр░┐,528.0,ро╡рпЗро▓рпИропрпИ,528
р░Ър░░р▒Нр░о,529.0,роорпБроЯро┐родрпНродрпБро╡ро┐роЯрпБро╡рпЗройрпН,529
р░Ер░нр░┐р░╡р▒Гр░жр▒Нр░зр░┐,530.0,роЙройрпНройрпИрокрпН,530
р░жр░╢р░▓р▒Нр░▓р▒Л,531.0,роЕродро┐роХрооро╛роХ,531
р░╕р▒Нр░ир▒Зр░╣р░┐р░др▒Бр░▓р░др▒Л,532.0,роЪрпБро╡рпИропро╛роХ,532
р░╖р▒Жр░▓р▒Нр░▓р▒А,533.0,роЗрокрпНрокрпЛродрпБроорпН,533
р░Ър▒Жр░кр▒Нр░кр░╛р░╡р▒Б,534.0,роХро╛родро▓ро┐роХрпНроХро┐ро▒ро╛ропро╛,534
р░Жр░кр░бр░╛р░ир░┐р░Хр░┐,535.0,роЗро░рпБроХрпНроХро┐ро▒ро╛ро░рпН,535
р░кр▒Нр░░р░кр░Вр░Ър░Вр░▓р▒Л,536.0,роЪрпЖройрпНро▒рпАро░рпНроХро│рпН,536
р░Жр░▓р▒Лр░Ър░┐р░╕р▒Нр░др▒З,537.0,роЙроЩрпНроХро│рпИрокрпН,537
р░ир▒Ар░╡р▒Б,538.0,роХрпЗро│рпНро╡ро┐рокрпНрокроЯрпНроЯрпЗройрпН,538
р░кр▒Нр░░р░Ьр░▓р░Вр░жр░░р░┐,539.0,роЪрпЖропрпНроХро┐ро▒рпАро░рпНроХро│ро╛,539
р░пр▒Жр░жр▒Бр░Я,540.0,рокрпЗроЪро╡ро┐ро▓рпНро▓рпИ,540
р░╕р░┐р░жр▒Нр░зр░В,541.0,рооро▒роирпНродрпБро╡ро┐роЯрпНроЯро╛ропро╛,541
р░Ер░╡р▒Нр░пр░Хр▒Нр░д,542.0,роЗродрпИроЪрпН,542
р░╡р▒Нр░пр░Хр▒Нр░др░ор▒Бр░Хр░╛р░ир░┐р░жр░┐,543.0,роХроЯро┐ройроорпН,543
р░Ер░Хр▒Нр░╖р░░,544.0,роЙродро╡ро┐ропрпИ,544
р░ир░╛р░╢р░ор▒Бр░▓р▒Зр░ир░┐р░жр░┐,545.0,рокрпБродро┐родро╛ройродрпБ,545
р░Зр░др░┐,546.0,рокро┐ро▒роирпНродроиро╛ро│рпИ,546
р░╡р░┐р░зр░ор▒Бр░Чр░╛,547.0,рооро▒роХрпНроХро╡ро┐ро▓рпНро▓рпИ,547
р░Йр░Хр▒Нр░д,548.0,ро╡ро╛роЩрпНроХро┐ройрпАро░рпНроХро│рпН,548
р░Ър▒Жр░кр▒Нр░кр░мр░бр░┐р░ир░жр░┐,549.0,роиро╛роЯрпНроЯро┐ро▒рпНроХрпБродрпН,549
р░др░В,550.0,рокрпБродрпНродро┐роЪро╛ро▓ро┐ропро╛роХ,550
р░Жр░╣р▒Б,551.0,роОродрпИроЪрпН,551
р░др▒Жр░▓р░┐р░пр░мр░бр░┐р░ир░жр░┐,552.0,ро╡ро╛ройро┐ро▓рпИ,552
р░кр░░р░ор░╛р░Вр░Чр░др░┐р░ор▒Н,553.0,роХрпБро│ро┐роХрпНроХ,553
р░др▒Бр░жр░┐,554.0,ро╡ро┐ро░рпБрокрпНрокрооро╛,554
р░Чр░ор▒Нр░пр░ор▒Б,555.0,рокрпИроХрпН,555
р░пр░В,556.0,роЙрогро░рпНроХро┐ро▒рпАро░рпНроХро│рпН,556
р░жр▒Зр░ир░┐р░ир░┐,557.0,роиро╛ро│ро╛роХ,557
р░кр▒Нр░░р░╛р░кр▒Нр░п,558.0,ро╡ро░рпБроЯроорпН,558
р░кр▒Кр░Вр░жр░┐,559.0,роОройрпНройро╡ро╛роХ,559
р░ир░┐р░╡р░░р▒Нр░др░ир▒Нр░др▒З,560.0,рокрпБродрпНродроХроЩрпНроХро│рпН,560
р░др░┐р░░р░┐р░Чр░┐р░░р░╛р░░р▒Л,561.0,ро╡ро┐ро▓рпИропро╛,561
р░др░др▒Н,562.0,роОройрпНройрпИрокрпН,562
р░Ер░Яр▒Нр░Яр░┐,563.0,роиро┐ройрпИроХрпНроХро┐ро▒рпАро░рпНроХро│ро╛,563
р░зр░╛р░о,564.0,родро┐ро░рпБроорпНрокрпБроХро┐ро▒ро╛ропрпН,564
р░зр░╛р░ор░ор▒Б,565.0,рокрпЖроЯрпНроЯро┐,565
р░кр░░р░ор░В,566.0,родрпЗро╛ро▓рпН,566
р░жр░┐р░╡р▒Нр░пр░ор▒Ир░ир░жр░┐,567.0,роЕроорпИрокрпНрокрпБроорпБро▒рпИ,567
р░ор░о,568.0,роироЯро╡роЯро┐роХрпНроХрпИроХро│рпН,568
р░ор▒Бр░Вр░жр▒Бр░Чр░╛,569.0,роОрогрпНрогро┐роХрпНроХрпИ,569
р░ор▒Кр░жр░▓р▒Б,570.0,ро╡ропродро╛роХ,570
р░Жр░ир░Вр░жр░┐р░Вр░Ър░╛р░░р▒Б,571.0,роЪрпЖро╛ро▓рпНро▓рпБроЩрпНроХро│рпН,571
р░кр░жр░╛р░░р▒Нр░ер░В,572.0,роирогрпНрокро░рпНроХро│рпБроЯройрпН,572
р░Ър▒Зр░╕р▒З,573.0,рокроХро┐ро░рпНроирпНродрпБ,573
р░Хр▒Лр░░р▒Бр░Хр▒Бр░ир▒Нр░ир░жр░┐,574.0,роороХро┐ро┤рпНроХро┐ро▒рпЗро╛роорпН,574
р░Ър▒Зр░╕р░╛р░ир▒Б,575.0,ро╖рпЖро▓рпНро▓ро┐,575
р░Ер░ор▒Жр░░р░┐р░Хр░╛,576.0,роЪрпКройрпНройрпАро░рпНроХро│рпН,576
р░ир░╡р▒Нр░╡р▒Б,577.0,роироЯроирпНродродро┐ро▓рпНро▓рпИ,577
ЁЯШЙ,578.0,роЙро▓роХро┐ро▓рпН,578
р░ир░Ър▒Нр░Ър░╡р░Ър▒Нр░Ър▒Б,579.0,роЕро╡ро▒рпНро▒рпИ,579
р░кр░ир░┐р░Ър▒Зр░╕р▒Нр░др▒Бр░Вр░жр░┐,580.0,роЙроорпНроорпБроЯрпИроп,580
р░Ър▒Вр░╕р▒Нр░др▒Бр░ир▒Нр░ир░╛р░░р▒Б,581.0,роЗро░роЯрпНроЪро┐рокрпНрокрпБ,581
р░кр▒Нр░░р▒Ар░лр▒Жр░ир▒Жр░бр▒Н,582.0,роЙроорпНрооро┐роЯродрпНродро┐ро▓рпН,582
р░Ор░╡р░░р▒Ир░др▒З,583.0,роЕро╡рпНропроХрпНродтАФродрпЛро▒рпНро▒рооро▒рпНро▒,583
р░Хр▒Лр░░р▒Бр░Хр▒Бр░ир▒Зр░жр░┐,584.0,роЕроХрпНро╖ро░тАФроЕро┤ро┐ро╡ро▒рпНро▒,584
р░ор▒Кр░жр░▓р░╡р▒Бр░др▒Бр░Вр░жр░┐,585.0,роЗродро┐тАФроЗро╡рпНро╡ро╛ро▒ро╛роХ,585
р░ир▒Жр░Вр░мр░░р▒Н,586.0,роЙроХрпНродтАФ,586
р░кр▒Ир░и,587.0,роХрпВро▒рокрпНрокроЯрпБроорпН,587
р░╡р░╛р░Яр▒Нр░╕р░╛р░кр▒Н,588.0,родроорпНтАФроЕроирпНрод,588
├Ч,589.0,роЖро╣рпБтАФроЕро▒ро┐ропрокрпНрокроЯрпНроЯ,589
р░Пр░╡р░┐р░зр░Вр░Чр░╛,590.0,рокро░рооро╛роорпНтАФрокро░роо,590
р░ир░ор▒Нр░ор░▓р▒Зр░Хр░кр▒Лр░др▒Бр░ир▒Нр░ир░╛р░░р░╛,591.0,роХродро┐роорпНтАФроХродро┐,591
р░жр░╛р░ир░┐р░ир░┐,592.0,ропроорпНтАФ,592
р░Жр░╣р▒Н,593.0,роОродрпИ,593
р░ор▒Бр░Цр▒Нр░пр░ор▒Жр▒Цр░и,594.0,рокрпНро░ро╛рокрпНроптАФроЕроЯрпИроирпНродрокро┐ройрпН,594
р░ор▒Бр░Цр▒Нр░пр░В,595.0,роитАФроОройрпНро▒рпБроорпН,595
р░Ер░╡р░Хр░╛р░╢р░В,596.0,роиро┐ро╡ро░рпНродрпНродроирпНродрпЗтАФродро┐ро░рпБроорпНрокро┐,596
р░╡р▒Нр░░р░╛р░╕р░┐р░и,597.0,ро╡ро░рпБро╡родрпБ,597
р░пр▒Вр░Ьр░░р▒Нр░кр▒Зр░░р▒Б,598.0,родродрпНтАФроЕроирпНрод,598
р░Ър▒Зр░╕р▒Бр░Хр▒Лр░╡р░╛р░▓р░ир▒Бр░Хр▒Бр░Вр░Яр▒Бр░ир▒Нр░ир░╛р░░р▒Б,599.0,родро╛роотАФроЗро░рпБрокрпНрокро┐роЯроорпН,599
ЁЯТб,600.0,рокро░роороорпНтАФрокро░роо,600
р░Чр▒Бр░░р▒Нр░др▒Бр░Вр░Ър▒Бр░Хр▒Л,601.0,роороотАФроОройродрпБ,601
р░Жр░пр░и,602.0,роЕрокрпНрокроЯро┐,602
р░ор░ар░В,603.0,роЕро▒ро┐ропро▓ро╛роорпН,603
р░Жр░лр▒Н,604.0,родрпЖро╛роЯроЩрпНроХ,604
р░Чр░ор░ир░┐р░Вр░Ър░Вр░бр░┐,605.0,роХрпЖро╛роЯрпБ,605
р░ор░ир░ор▒Б,606.0,роЕройрпБрокро╡ро┐родрпНродрпЛроорпН,606
р░Ър▒Зр░жр▒Нр░жр░╛р░ор▒Б,607.0,роироорпНрокрпБроХро┐ро▒рпЛроорпН,607
р░Жр░ир░Вр░жр░╛р░ир▒Нр░ир░┐,608.0,роХрпЖро╛рогрпНроЯ,608
р░Ър░жр░╡р░╛р░▓р░ир▒Бр░Хр▒Бр░Вр░Яр▒Бр░ир▒Нр░и,609.0,ро╡роЯро┐ро╡роорпН,609
р░ор▒Бр░Цр▒Нр░пр░ор▒Ир░ир░жр░┐,610.0,родрпЗроЯро┐ропродрпБ,610
р░нр░┐р░ир▒Нр░ир░Вр░Чр░╛,611.0,роЪрпЖропрпНродрпЗройрпН,611
р░кр░ир▒Бр░▓р▒Б,612.0,роЕроорпЖро░ро┐роХрпНроХро╛ро╡ро┐ро▓рпН,612
р░мр░┐р░Яр▒Н,613.0,родро┐ро░рпБроорпНрокро┐роп,613
р░Зр░╖р▒Нр░Яр░кр░бр░др░╛р░░р░ир░┐,614.0,роХрпВроЯро╛родрпБ,614
р░Хр░╛р░ир░┐,615.0,ЁЯШЙ,615
р░Жр░Чр░┐р░кр▒Лр░др▒Бр░Вр░жр░┐,616.0,роорпБроЯро┐роирпНродро╡рпИ,616
р░Ер░жр░╛,617.0,роЙродро╡ро┐роХрпНроХрпБ,617
р░ор▒Ар░Хр▒Лр░╕р░В,618.0,роирпАропрпБроорпН,618
р░ор░░р▒Л,619.0,ро╡ро┐ро░рпБроорпНрокрпБро╡ро╛ропрпН,619
р░ир▒Зр░░р▒Бр░Чр░╛,620.0,ро╡ро╛ро┤рпНродрпНродрпБроХро│рпН,620
р░╡р▒Жр░│р▒Нр░│р░╡р░Ър▒Нр░Ър▒Б,621.0,ро╡ро╛роорпНрокрпЗроЬрпН,621
р░╕р░╣р░Хр░░р░┐р░Вр░Ър░┐р░и,622.0,роОроХрпНро╕рпНро▓ро╛ро╖рпН,622
р░Ьр▒Зр░мр▒Бр░▓р▒Л,623.0,ропро╛ро░рпИ,623
р░Хр▒Бр░бр░┐,624.0,ро╡ро┐ро░рпБроорпНрокрпБроХро┐ро▒рпАро░рпНроХро│рпЛ,624
р░╕р▒Жр░▓р▒Ар░ир░╛,625.0,роЕродрпИропрпЗ,625
р░Йр░кр░пр▒Лр░Чр░┐р░Вр░Ър░Чр░▓р░ир▒Б,626.0,ро╡ро╛роЯрпНро╕рокрпН,626
р░Зр░кр▒Нр░кр░Яр░┐,627.0,роХро╛родрпНродро┐ро░рпБроХрпНроХро┐ро▒рпАро░рпНроХро│рпН,627
р░кр▒Кр░Вр░жр▒Бр░др▒Бр░ир▒Нр░и,628.0,├Ч,628
р░Ър▒Жр░▓р▒Нр░▓р░┐р░Вр░Ър░╛р░▓р░┐,629.0,роироорпНрок,629
р░Ър▒Жр░пр▒Нр░пр░╛р░▓р░┐,630.0,роорпБроЯро┐ропро╡ро┐ро▓рпНро▓рпИропро╛,630
р░Ьр▒Ар░╡р░┐р░др░╛р░ир▒Нр░ир░┐,631.0,ро╡рпЗроЯро┐роХрпНроХрпИ,631
р░ор░╛р░░р▒Нр░Ър░Чр░▓р░жр▒Б,632.0,роиро┐роЪрпНроЪропрооро╛роХроЪрпН,632
р░Чр░д,633.0,ро╡ро╛роЩрпНроХ,633
р░Ьр▒Ар░╡р░┐р░др░Хр░╛р░▓р░Вр░▓р▒Л,634.0,родрпЖро╛роЯроЩрпНроХрпБро╡родро▒рпНроХрпБ,634
р░╡р░╕р▒Нр░др░╛р░пр░┐тАЭ,635.0,рокро░ро┐роЪрпБроХрпНроХрпБ,635
р░ор░ир░╕р▒Нр░╕р▒Бр░▓р░▓р▒Л,636.0,роОродрпИропро╛ро╡родрпБ,636
р░Ър░жр▒Бр░╡р▒Бр░Хр▒Лр░╡р░Ър▒Нр░Ър▒Б,637.0,роорпБроХрпНроХро┐ропроорпН,637
р░мр░╛р░╕р▒Нр░Хр▒Жр░Яр▒Н,638.0,ро╡ро╛ропрпНрокрпНрокрпБ,638
р░╡р░┐р░╡р░░р░╛р░▓р░Хр▒Б,639.0,роОро┤рпБродрокрпНрокроЯрпНроЯ,639
р░Ьр░░р░┐р░Чр░┐,640.0,роорпБройрпНрокро┐роЯро┐родрпНрод,640
р░Жр░╢р▒Нр░Ър░░р▒Нр░пр░кр▒Лр░╡р░Ър▒Нр░Ър▒Б,641.0,роиро┐ропрпВро▓рпЗро╖рпН,641
р░др▒Жр░▓р▒Бр░╕р▒Бр░Хр▒Лр░╡р░бр░╛р░ир░┐р░Хр░┐,642.0,роЙродро╡ро┐ропро╛роХ,642
р░Ър▒Жр░пр▒Нр░пр░╛р░▓р░ир▒Бр░Хр▒Бр░Вр░Яр▒З,643.0,роироорпНрокрпБроХро┐ро▒рпЗро╛роорпН,643
р░Ер░др░ир░┐р░Хр░┐,644.0,роЖропро┐ро▒рпНро▒рпБ,644
р░Ор░╡р░░р▒В,645.0,рокропройро░рпНрокрпЖропро░рпН,645
р░ор▒Лр░╕р░В,646.0,ЁЯТб,646
р░▓р▒Жр░Яр▒Н,647.0,рокроХроЯрпИ,647
р░Хр▒Бр░Яр▒Бр░Вр░мр░╛р░ир░┐р░Хр░┐,648.0,роороЯроорпН,648
р░Тр░Хр▒З,649.0,роХрпЖро╛ро│рпНроХ,649
р░Ър░ир░┐р░кр▒Лр░пр▒З,650.0,роЕройрпБрокро╡ро┐роХрпНроХро┐ро▒ро╛ро│рпН,650
р░╡р▒Жр░│р▒Бр░др▒Бр░ир▒Нр░ир░╛р░░р▒Б,651.0,роОродройро╛ро▓рпН,651
тЖТ,652.0,роорпБроХрпНроХро┐ропрооро╛ройродро╛роХроХрпН,652
р░Ър▒Зр░пр░Хр▒Вр░бр░жр▒Б,653.0,роХро░рпБродрокрпНрокроЯрпБроХро┐ро▒родрпБ,653
р░зр▒Жр▒Цр░░р▒Нр░пр░В,654.0,ро╡ро┐родрпНродро┐ропро╛роЪрооро╛роХ,654
р░др▒Нр░░р░╛р░Чр▒Б,655.0,рокро┐роЯрпН,655
р░мр▒Ар░░р▒Бр░ир▒Б,656.0,роЕро╡ро│рпИ,656
р░Жр░бр░╛р░бр▒Б,657.0,роиро┐ро▒рпБродрпНродро┐ро╡ро┐роЯрпБро╡ро╛ро░рпН,657
р░Хр▒Вр░░р▒Нр░Ър▒Бр░ир░┐,658.0,ро╣ро▓рпЗро╛,658
р░Ер░бр▒Бр░Чр▒Бр░▓р▒Б,659.0,роЗро│рпИроЮройрпН,659
р░Чр░жр░┐р░▓р▒Л,660.0,роХро╛родрпНродро┐ро░рпБроХрпНроХро┐ро▒рпЗро╛роорпН,660
р░╕р▒Л,661.0,роЗройрпНройрпКро░рпБ,661
р░Йр░Ър░┐р░др░В,662.0,роХроЯро╡рпБро│ро┐роЯроорпН,662
р░Рр░жр▒Б,663.0,роирпЗро░роЯро┐ропро╛роХ,663
р░░р░╣р░╕р▒Нр░пр░╛р░▓р▒Б,664.0,роТродрпНродрпБрпИро┤ропрпБроЩрпНроХро│рпН,664
р░жр▒Кр░░р░Хр░жр▒Б,665.0,рокро╛роХрпНроХрпЖроЯрпН,665
р░др▒Жр░▓р▒Бр░╕р▒Нр░др▒Лр░Вр░жр░┐,666.0,роорпБройрпНрокрпБродрпИроирпНрод,666
р░╕р░╣р░╛р░пр░кр░бр▒Бр░др▒Бр░Вр░жр░┐,667.0,роХрогрпНрогро┐роорпИ,667
р░╢р▒Лр░зр░┐р░╕р▒Нр░др▒Бр░ир▒Нр░ир░╛р░░р▒Б,668.0,роЪрпБро░рпБроЯрпНроЯрпИ,668
р░Хр░▓р░┐р░╕р▒З,669.0,роЪрпЖро▓рпАройро╛,669
р░Ьр░Яр▒Нр░Яр▒Б,670.0,роЙродро╡ро▓ро╛рооро╛,670
р░Ер░Вр░жр▒Бр░мр░╛р░Яр▒Бр░▓р▒Л,671.0,роОройро┐ройрпБроорпН,671
р░╕р░╣р░╛р░пр░╛р░ир░┐р░Хр░┐,672.0,роХроЯро╡рпБро│рпНроорпАродрпБ,672
тАжр░▓р▒Зр░жр░╛,673.0,рокро░ро┐роЪрпБроХро│рпН,673
р░╕р▒Нр░ер░╛р░ир░╛р░ир░┐р░Хр░┐,674.0,роЪроорпНрокро╛родро┐роХрпНроХро┐ро▒рпАро░рпНроХро│рпН,674
р░ир░┐р░Ьр░ор░╛,675.0,ро╡ро╛ро┤рпНроХрпНроХрпИропрпИ,675
р░Ер░мр░жр▒Нр░зр░ор░╛,676.0,рооро╛ро▒рпНро▒ро▓ро╛роорпН,676
р░Ьр░ир░╡р░░р░┐,677.0,роиро┐рооро┐роЯроЩрпНроХро│рпН,677
р░кр▒Нр░░р░кр░Вр░Ър░В,678.0,роЪрпЖропрпНроХро┐ро▒рпЛроорпН,678
р░ор▒Кр░жр░Яр░┐р░жр░┐,679.0,роХро▒рпНро▒рпБроХрпНроХрпКро│рпНро│ро▓ро╛роорпН,679
р░Ьр▒Ар░╡р░┐р░др░╛р░▓р░ир▒Б,680.0,роЪро░ро┐рокро╛ро░рпНродрпНродрпБ,680
р░Ор░Яр▒Б,681.0,рооро╛ро▒рпБрокро╛роЯрпБроХро│рпН,681
р░╡р▒Жр░│р▒Нр░жр░╛р░В,682.0,роЕроорпИродро┐,682
р░Хр░Яр▒Нр░Яр▒Бр░мр░бр░┐,683.0,ро╡ро╛ро┤рпНроиро╛ро│ро┐ро▓рпН,683
р░Йр░ир▒Нр░ир░кр▒Нр░кр▒Бр░бр▒Б,684.0,ро╡ро░рпБроорпНтАЭ,684
р░Ьр░░р░┐р░Чр▒З,685.0,рооройроЩрпНроХро│рпИ,685
р░╕р░╣р░╛р░пр░кр░бр░Чр░▓р░ор▒Б,686.0,роХрпВроЯрпИ,686
р░ор░╛р░Яр▒Нр░▓р░╛р░бр▒Бр░др▒Бр░ир▒Нр░ир░╛р░В,687.0,роХро╛ро▓ро┐ропро╛роХ,687
р░др░░р▒Бр░╡р░╛р░д,688.0,роХрпЗроЯрпНроЯро╛ро▓рпН,688
р░Чр▒Бр░░р▒Нр░др░┐р░Вр░Ър░бр░В,689.0,ро╡ро┐ро╡ро░роЩрпНроХро│рпБроХрпНроХрпБ,689
р░Хр░╛р░░р▒Нр░бр▒Н,690.0,родро╡ро▒ро╛роХ,690
р░Чр░бр▒Бр░╡р▒Б,691.0,рокро┐ройрпНрокро▒рпНро▒ро┐,691
р░╕р▒Жр░Хр▒Нр░пр▒Вр░░р░┐р░Яр▒А,692.0,роЖроЪрпНроЪро░ро┐ропрокрпНрокроЯрпНроЯро┐ро░рпБроХрпНроХро▓ро╛роорпН,692
р░Хр░╛р░░р▒Нр░бр▒Бр░жр░╛р░░р▒Бр░бр▒Б,693.0,роЕро░рпНродрпНродроорпЖройрпНройро╡рпЖройрпНро▒рпБ,693
р░Жр░ир░Вр░жр░Хр░░р░ор▒Жр▒Цр░и,694.0,роЕро╡ро░рпИ,694
р░ор▒Бр░Чр░┐р░Вр░кр▒Бр░ир░┐,695.0,роЙройроХрпНроХро╛роХ,695
р░кр▒Нр░░р▒Зр░ор░┐р░╕р▒Нр░др░╛р░ир▒Б,696.0,ропро╛ро░рпБроорпН,696
р░Ор░Вр░Ър▒Бр░Хр▒Бр░ир▒Нр░ир░╛р░╡р▒Б,697.0,роПрооро╛ро▒рпНро▒ро┐,697
р░Хр▒Нр░╖р░ор░┐р░Вр░Ър░╛р░▓р░┐,698.0,ро╡,698
р░др▒Жр░▓р░┐р░╕р░┐р░и,699.0,роХрпБроЯрпБроорпНрокродрпНродро┐ро▒рпНроХрпБ,699
р░нр░╛р░░р░В,700.0,ро╡ро░ро╡рпЗро▒рпНроХро┐ро▒рпЛроорпН,700
р░ор▒Ар░жр░┐,701.0,роирпЗро░родрпНродро┐ро▓рпБроорпН,701
р░░р▒Бр░гр░В,702.0,роЗро▒роХрпНроХ,702
р░Ър▒Зр░др▒Бр░▓р▒Б,703.0,рокрпЗро╛роХро┐ро▒рпАро░рпНроХро│рпН,703
р░╡р▒Жр░др▒Бр░Хр▒Бр░др▒Бр░ир▒Нр░ир░жр░┐,704.0,тЖТ,704
р░жр▒Кр░░р░Хр░▓р▒Зр░жр░╛,705.0,роЪрпЖропрпНропроХрпНроХрпВроЯро╛родрпБ,705
р░╕р▒Нр░ер░┐р░░р░кр░бр▒Нр░бр░╛р░пр░┐,706.0,роЪродрпНродро┐ропроорпН,706
р░Ер░жр▒З,707.0,родрпИро░ро┐ропроорпН,707
р░╡р░┐р░зр░╛р░ир░В,708.0,роХрпБроЯро┐роХрпНроХро┐ро▒рпАро░рпНроХро│рпН,708
р░Жр░кр░╡р░жр▒Нр░жр▒Б,709.0,рокро╛ройродрпНродрпИ,709
тАж,710.0,роироорпНроорпИрокрпН,710
р░Зр░Вр░бр░┐р░Хр▒Зр░Яр░░р▒Нр░▓р░ир▒Б,711.0,роЙроЯрпНроХро╛ро░рпНроирпНродрпБ,711
р░Зр░╖р▒Нр░Яр░кр░бр▒Бр░др▒Бр░ир▒Нр░ир░╛р░ир▒Б,712.0,ропро╛ро░рпЗро╛,712
р░п,713.0,рокро╛ро░рпНроХрпНроХро┐ро▒рпЗройрпН,713
р░др▒Ар░╡р▒Нр░░р░Вр░Чр░╛,714.0,роЕродройрпН,714
р░▓р▒Лр░кр░▓,715.0,ро╡рпЖро▒рпБроорпН,715
р░╡р▒Жр░│р▒Нр░др▒Бр░Вр░жр░┐,716.0,рокроЯро┐роХро│ро┐ро▓рпН,716
р░кр░┐р░▓р▒Нр░▓р░▓р▒Б,717.0,роЕро▒рпИропро┐ро▓рпН,717
р░░р▒Лр░Ьр▒В,718.0,роЪро░ро┐роЪрпЖропрпНроп,718
р░Ър░жр░╡р░╛р░▓р░┐,719.0,родрпЖро╛роЯроЩрпНроХрпБроХ,719
р░Ър░жр▒Бр░╡р▒Б,720.0,роЗро▓ро╡роЪроорпН,720
р░╡р░Вр░жр░ир░╛р░▓р▒Б,721.0,роЙрогрпНроорпИропро╛рой,721
р░Ър▒Зр░╕р░╛р░ор▒Б,722.0,роЗро░роХроЪро┐ропроЩрпНроХро│рпИ,722
р░Ер░╕р░╛р░зр▒Нр░пр░В,723.0,родрпЗроЯрпБроорпН,723
р░др▒Жр░░р▒Бр░╡р▒Б,724.0,роорпБроЯро┐ропро╡ро┐ро▓рпНро▓рпИ,724
р░ир░┐р░Хр▒Нр░▓р░╛р░╕р▒Н,725.0,родрпЗроЯро┐,725
р░нр░╛р░Чр░╕р▒Нр░╡р░╛р░ор░┐,726.0,роОродро┐ро░рпНрокро╛ро░рпНродрпНродрпБ,726
р░Ер░╕р░▓р▒Б,727.0,рокро╛ро░рпНрокрпНрокродрпБ,727
р░Хр▒Нр░░р░┐р░Вр░ж,728.0,роороХро┐ро┤рпНроЪрпНроЪро┐,728
р░Цр░╛р░др░╛,729.0,роЕро│ро┐роХрпНроХро┐ро▒родрпБ,729
р░╕р░╛р░зр░ир░В,730.0,роЕрогро┐,730
р░Йр░кр░пр▒Лр░Чр░┐р░╕р▒Нр░др░╛р░░р▒Б,731.0,роорогро┐роирпЗро░родрпНродро┐ро▒рпНроХрпБро│рпН,731
р░Ер░Вр░Ър▒Зр░д,732.0,роЙроЩрпНроХро│рпИродрпН,732
р░ор▒Бр░др▒Нр░пр░╛р░▓,733.0,ропро╛ро░рпБроХрпНроХро╛ро╡родрпБ,733
р░мр░Вр░Чр░╛р░░р░В,734.0,ропрпЛроЪройрпИ,734
р░Ер░Вр░жр░ор▒Жр▒Цр░и,735.0,роЙродро╡ро┐ропрпБроорпН,735
р░др░Вр░бр▒Нр░░р▒Бр░▓р▒Б,736.0,роорпБропро▒рпНроЪро┐рокрпНрокрпЗро╛роорпН,736
р░╡р░Ър▒Нр░Ър░┐р░ир░кр▒Нр░кр▒Бр░бр▒Б,737.0,роЪро░ро┐ропро╛рой,737
р░▓р▒Лр░бр▒Н,738.0,роЗроЯродрпНродро┐ро▒рпНроХрпБ,738
р░Ер░╡р▒Бр░др▒Лр░Вр░жр░┐,739.0,ро╡роирпНродро┐ро░рпБроХрпНроХро┐ро▒рпАро░рпНроХро│рпН,739
р░╕р▒Вр░Ър░ир░▓р▒Б,740.0,роЪро░ро┐ропро╛,740
р░Зр░╡р▒Нр░╡р░Вр░бр░┐р░ор▒Зр░ор▒Б,741.0,родро╡ро▒ро╛,741
р░ор░Вр░Ър░┐р░Чр░╛,742.0,роЖроЩрпНроХро┐ро▓,742
р░╡р▒Бр░Вр░Яр░╛р░ор▒Б,743.0,роЖрогрпНроЯро┐ройрпН,743
р░кр░Яр▒Нр░Яр░┐р░Вр░кр▒Б,744.0,роЙро▓роХро┐ройрпН,744
р░Ер░жр▒Нр░нр▒Бр░др░ор▒Жр▒Цр░и,745.0,роЙропро┐ро░рпНроХро│рпИ,745
р░Ър▒Жр░▓р▒Нр░▓р░┐р░Вр░Ър▒З,746.0,роХро╛рокрпНрокро╛ро▒рпНро▒,746
р░кр▒Нр░▓р░Чр▒Нр░Зр░ир▒Н,747.0,роЗроЩрпНроХро┐ро░рпБроирпНродрпБ,747
р░Хр▒Лр░гр░Вр░▓р▒Л,748.0,роЪрпЖро▓рпНроХро┐ройрпНро▒рпЛроорпН,748
тАЬр░ор▒Зр░ор▒Б,749.0,роЕродройрпИрокрпН,749
р░▓р▒Лр░др▒Жр▒Цр░и,750.0,роЙродро╡ро▓ро╛роорпН,750
р░Йр░Вр░Яр░╛р░пр░┐тАЭ,751.0,рокрпЗроЪрпБроХро┐ро▒рпЛроорпН,751
р░Ер░ир▒Бр░Хр▒Вр░▓р░Вр░Чр░╛,752.0,роХрогрпНроЯро▒ро┐ро╡родрпБ,752
р░Чр░Вр░Яр░▓р▒Б,753.0,роЕроЯрпНроЯрпИ,753
р░Хр░ир░┐р░кр░┐р░╕р▒Нр░др▒Лр░Вр░жр░┐,754.0,роОрогрпН,754
р░Ер░Хр▒Нр░╖р░░р░╛р░▓,755.0,роХро╛ро▓ро╛ро╡родро┐ропро╛роХрпБроорпН,755
р░др░Хр▒Нр░Хр▒Бр░╡р░Чр░╛,756.0,родрпЗродро┐,756
р░кр▒Нр░░р░пр░╛р░гр░┐р░Вр░Ър░бр░╛р░ир░┐р░Хр░┐,757.0,роХрпЗро╛роЯрпН,757
р░ир░ор░╕р▒Нр░Хр░╛р░░р░В,758.0,роЕроЯрпНроЯрпИродро╛ро░ро░рпН,758
р░Ър▒Зр░пр░Чр░▓р░ир▒Б,759.0,роороХро┐ро┤рпНроЪрпНроЪро┐ропро╛рой,759
р░Ер░ир▒Бр░Хр▒Бр░Вр░Яр▒Бр░ир▒Нр░ир░╛р░ир▒Б,760.0,роорпБроЯро┐ро╡рпИ,760
р░░р░╕р▒Ар░жр▒Бр░ир▒Б,761.0,роЪрпЖропрпНродро╛ропрпН,761
тВм,762.0,рооройрпНройро┐роХрпНроХро╡рпБроорпН,762
р░др░Вр░бр▒Нр░░р░┐,763.0,роЪрпБроорпИ,763
р░Ър▒Жр░кр▒Нр░кр░╛р░бр▒Б,764.0,роЙройрпНройрпБроЯрпИропродрпБ,764
р░кр▒Нр░░р░Ър▒Бр░░р░г,765.0,роХроЯройрпН,765
р░кр▒Нр░░р░пр░╛р░гр░┐р░Вр░Ър░Вр░бр░┐,766.0,роХрпЗ,766
р░╕р░╛р░зр▒Нр░пр░ор▒З,767.0,роХрпИроХро│ро┐ро▓рпН,767
р░Ьр░░р▒Бр░Чр░╡р░Ър▒Нр░Ър▒Б,768.0,роорпБройрпНройрпЖроЯрпБроХрпНроХ,768
р░Хр▒Лр░░р▒Бр░Хр▒Лр░▓р▒Зр░жр▒Б,769.0,роЙродро╡ро┐ропродрпБ,769
р░жр▒Зр░╡р▒Бр░ир░┐р░Хр░┐,770.0,роорпЖроЯрпНроЯро┐ро▓рпН,770
р░нр░пр░кр░бр░╛р░▓р░┐,771.0,родрпЗроЯрпБро╡родрпБ,771
р░Ор░Хр▒Нр░Хр░бр░╛,772.0,роиро┐ро▒рпБро╡рокрпНрокроЯрпНроЯ,772
р░ор░┐р░▓р░┐р░пр░ир▒Н,773.0,роОройрпНройро╡рпЖройрпНро▒ро╛ро▓рпН,773
р░╡р▒Жр░│р▒Нр░др░╛р░бр▒Б,774.0,роХрпЖро╛ро│рпНроХрпИ,774
р░Зр░кр▒Нр░кр░Яр░┐р░╡р░░р░Хр▒Б,775.0,тАж,775
р░Ер░кр▒Н,776.0,роХрпБро▒ро┐роХро╛роЯрпНроЯро┐роХро│рпИ,776
р░кр░Яр▒Нр░Яр▒Бр░Хр▒Лр░Вр░бр░┐,777.0,ропро╛,777
р░кр░Яр▒Нр░Яр▒Бр░Хр▒Кр░ир░┐,778.0,родрпАро╡ро┐ро░рооро╛роХ,778
р░др▒Жр░▓р▒Бр░╕р░ир░┐,779.0,роХрпБро┤роирпНродрпИроХро│рпН,779
р░╕р░ор░╛р░зр░╛р░ир░╛р░▓,780.0,родро┐ройроорпБроорпН,780
р░╡р▒Жр░др▒Бр░Хр▒Бр░др▒Бр░ир▒Нр░ир░╛,781.0,ро╡ро╛роЪро┐рокрпНрокрпБ,781
р░╕р░ор░╕р▒Нр░пр░ир▒Б,782.0,роЪро╛родрпНродро┐ропрооро▒рпНро▒родрпБ,782
р░кр░░р░┐р░╖р▒Нр░Хр░░р░┐р░Вр░Ър░╛р░▓р░ир░┐,783.0,ро╡ро┐ро░рпБроорпНрокроХрпНроХрпВроЯро┐роп,783
р░Хр▒Лр░░р▒Бр░Хр▒Бр░ир▒Нр░ир░╛,784.0,родро┐ро▒роирпНрод,784
р░др▒Жр░▓р░┐р░пр░Ьр▒Зр░пр░╛р░▓р░ир▒Бр░Хр▒Бр░Вр░Яр▒Бр░ир▒Нр░ир░╛р░ор▒Б,785.0,роЙрогро╡рпИ,785
р░Зр░Хр▒Нр░Хр░бр▒З,786.0,роиро┐роХрпНро▓ро╕рпН,786
р░Ер░ир▒Зр░Х,787.0,рокроЩрпНроХро╛ро│ро┐ропро╛роХ,787
р░ор░╛р░░р▒Нр░Чр░╛р░▓р▒Б,788.0,роироородрпБ,788
р░Ер░жр▒Кр░Хр▒Нр░Хр░Яр▒З,789.0,ро╡ро┐ро│рпИропро╛роЯрпНроЯрпБ,789
р░╡р░╛р░Яр░┐р░▓р▒Л,790.0,роХрогроХрпНроХрпБ,790
р░░р░Хр▒Нр░╖р░г,791.0,роЪрпЖропрпНрод,791
р░нр░жр▒Нр░░р░др░╛,792.0,роХро░рпБро╡ро┐,792
р░░р░Хр▒Нр░╖р░┐р░Вр░Ър░Вр░бр░┐,793.0,ро╡ро┤роХрпНроХроорпН,793
р░кр▒Нр░░р░╛р░пр▒Лр░Ьр░Хр▒Бр░▓р▒Б,794.0,роЪрпЗро░рпНроХрпНроХ,794
р░нр░╛р░Чр░╕р▒Нр░╡р░╛р░ор▒Бр░▓р▒Б,795.0,роорпБродрпНродрпБроХрпНроХро│рпН,795
р░кр░жр░╛р░▓р▒Б,796.0,родроЩрпНроХроорпН,796
р░кр▒Вр░░р▒Нр░др░┐р░Чр░╛,797.0,рооро░роорпН,797
р░╕р░Чр░Яр▒Б,798.0,ро╕рпНроЯрпЗро╛ройрпН,798
р░кр░░р░┐р░╖р▒Нр░Хр░░р░┐р░Вр░Ър░╛р░▓р▒Л,799.0,роЕро┤роХро╛рой,799
р░╡р░┐р░╡р░░р░╛р░▓р▒Б,800.0,родроирпНродрпИропро░рпНроХро│рпН,800
р░ир░┐р░╡р▒Зр░жр░┐р░Хр░▓р▒Б,801.0,ро╡ро░рпБроорпНрокрпЗро╛родрпБ,801
р░Ър▒Жр░мр▒Бр░др░╛р░░р▒Б,802.0,рокродро┐ро╡рпЗро▒рпБроХро┐ро▒родрпБ,802
р░╡р▒Ар░бр░┐р░пр▒Лр░▓р░ир▒Б,803.0,роЖро▓рпЛроЪройрпИроХро│рпИ,803
р░Жр░ир░Вр░жр░┐р░╕р▒Нр░др░╛р░░р░ир░┐,804.0,роХрпКроЯрпБроЩрпНроХро│рпНроиро╛роорпН,804
р░Ер░жр▒Нр░нр▒Бр░др░Вр░Чр░╛,805.0,роЗро░рпБрокрпНрокрпЛроорпН,805
р░Ър░Вр░кр░╛р░ир▒Б,806.0,рооро┐роХ,806
р░Пр░ор░Вр░Яр▒Бр░ир▒Нр░ир░╛р░░р▒Б,807.0,роЕроЯро┐роХрпНроХроЯро┐,807
р░Ер░нр░┐р░ир░Вр░жр░┐р░╕р▒Нр░др▒Бр░ир▒Нр░ир░╛р░ор▒Б,808.0,роХрпЗроЯрпНроХрокрпНрокроЯрпБроорпН,808
р░кр▒Нр░░р▒Ар░лр▒Жр░Хр▒Жр░ир▒Нр░бр▒Н,809.0,роорпЖро╛ро┤ро┐рокрпЖропро░рпНрокрпНрокрпБ,809
р░╕р░┐,810.0,роЪрпЖро░рпБроХрпБроиро┐ро░ро▓рпН,810
р░Хр░░р░▓р▒Н,811.0,роЕро░рпНродрпНродроорпБроорпН,811
р░Хр▒Кр░Вр░жр░░р░┐р░ир░┐,812.0,тАЬроиро╛роорпН,812
р░Ор░Вр░кр░┐р░Х,813.0,роЖро┤рооро╛рой,813
р░Ър▒Зр░╕р▒Бр░Хр▒Бр░ир▒Нр░ир░╛р░ор▒Б,814.0,роЙро│рпНро│ройтАЭ,814
р░╡р▒Ар░Хр▒Нр░╖р░Хр▒Бр░▓р▒Б,815.0,роЖродро░ро╡ро╛роХ,815
р░╕р░▓р░╣р░╛р░▓р░ир▒Б,816.0,родрпЗро╛ройрпНро▒рпБроХро┐ро▒родрпБ,816
р░Яр░╛р░мр▒Н,817.0,рокропрогро┐роХрпНроХ,817
р░кр░╛р░▓р▒Н,818.0,роЗродрпБро╡ро▓рпНро▓ро╡ро╛,818
р░Йр░др▒Нр░др░ор░Вр░Чр░╛,819.0,роиро┐ройрпИроХрпНроХро┐ро▒рпЗройрпН,819
р░кр▒Нр░░р░╛р░░р░Вр░н,820.0,ро░роЪрпАродрпБ,820
р░╡р░░р▒Нр░др░┐р░╕р▒Нр░др░╛р░пр░┐,821.0,тВм,821
р░╕р░ор░╛р░зр░╛р░ир░╛р░ир▒Нр░ир░┐,822.0,рокродро┐ро▓ро│ро┐родрпНродро╛ро░рпН,822
р░╕р▒Нр░кр░╛р░ир▒Нр░╕р░░р▒Нр░▓р▒Б,823.0,роХро╛ро▓рокрпНрокрпЛроХрпНроХро┐ро▓рпН,823
р░Жр░▓р▒Лр░Ър░ир░ир▒Б,824.0,ро╡рпЖро│ро┐ропро┐роЯрокрпНрокроЯрпНроЯ,824
р░ор░╛р░░р▒Нр░Ър▒Бр░Хр▒Лр░Вр░бр░┐,825.0,роОродро▒рпНроХрпБ,825
р░др░ир░Хр▒Б,826.0,рокропрогроорпН,826
р░Йр░ир▒Нр░ир░╛р░пр░┐тАж,827.0,роЕродрпИрокрпН,827
р░░р▒Лр░Ьр▒Бр░Хр▒Б,828.0,роЙрогро░рпБроЩрпНроХро│рпН,828
р░Зр░Хр▒Нр░Хр░бр░Хр▒Б,829.0,роЪро╛родрпНродро┐ропроорпН,829
р░░р░╛р░╡р░Яр░В,830.0,ро╡ро┐ро░рпБроорпНрокрпБроХро┐ро▒рпЗро╛роорпН,830
р░ор▒Ар░Хр░┐р░жр▒З,831.0,ропрпЗро╛роЪро┐родрпНродрпБ,831
р░ор▒Кр░жр░Яр░┐р░╕р░╛р░░р░╛,832.0,роХроЯро╡рпБро│рпБроХрпНроХрпБ,832
р░╕р░Вр░мр░Вр░зр░┐р░Вр░Ър░┐,833.0,роЕроЮрпНроЪ,833
р░кр▒Нр░░р░╢р▒Нр░ир░ир▒Б,834.0,рооро┐ро▓рпНро▓ро┐ропройрпН,834
р░Зр░Вр░Яр░┐,835.0,роиро▒рпНрокрпЗро▒рпБ,835
р░др░▓р▒Бр░кр▒Б,836.0,рокрпЗро╛роХрпБроорпН,836
р░ор░╛р░░р▒Нр░Ър░бр░╛р░ир░┐р░Хр░┐,837.0,роЕройрпБроородро┐роХрпНроХ,837
р░бр▒Жр░▓р░┐р░╡р░░р▒А,838.0,роОро│ро┐родрпБ,838
р░др▒Жр░░р░┐р░Ър░┐р░ир░╡р░┐,839.0,рокрпБро░ро┐роирпНродрпБ,839
р░Жр░Вр░жр▒Лр░│р░ир░▓р▒Б,840.0,рокродро┐ро▓рпНроХро│рпИродрпН,840
р░░р▒Ар░бр░░р▒Нр░▓р░Хр▒Б,841.0,родрпЗроЯрпБроХро┐ро▒ро╛ро░рпНроХро│ро╛,841
р░╡р░┐р░ир▒Нр░и,842.0,роЪро┐роХрпНроХро▓рпИродрпН,842
р░Яр▒Вр░░р▒Н,843.0,ро╡ро┤ро┐роХро│рпИроХрпН,843
р░кр▒Жр░Яр▒Нр░Яр▒Бр░Хр▒Л,844.0,родроЩрпНроХро│ро┐ройрпН,844
р░╡р▒Ар░▓р▒Б,845.0,роирпЗро░родрпНродро┐ро▒рпНроХрпБ,845
р░Ър▒Жр░кр▒Нр░кр░┐р░ир░кр▒Нр░кр▒Бр░бр▒Б,846.0,роЕро╡ро▒рпНро▒ро┐ро▓рпН,846
р░╡р░Ър▒Нр░Ър░╛р░ир░ир░┐,847.0,роЪро┐ро▓ро╡ро▒рпНро▒рпИроЪрпН,847
р░Чр▒Нр░░р░╣р░┐р░Вр░Ър░╛р░ир▒Б,848.0,рокроЩрпНроХрпБродро╛ро░ро░рпНроХро│рпН,848
р░╡р░┐р░Ър░┐р░др▒Нр░░р░ор▒Жр▒Цр░ир░жр░┐,849.0,роЕройрпБрокрпНрокро╡рпБроорпН,849
р░ир░┐р░Ьр░╛р░пр░┐р░др▒Ар░Чр░╛,850.0,роЕродро┐роХ,850
р░Хр░╛р░░р░гр░В,851.0,родроХро╡ро▓рпНроХро│рпН,851
р░кр▒Нр░░р░╢р▒Нр░ир░▓р░ир▒Б,852.0,роорпБро▒рпНро▒ро┐ро▓рпБроорпН,852
р░Ор░╡р░░р░┐р░ир░┐,853.0,роорпКродрпНродроорпН,853
р░╕р░Вр░кр▒Нр░░р░жр░┐р░Вр░Ър░╛р░▓р░┐,854.0,роЪро░ро┐роЪрпЖропрпНро╡родрпБ,854
р░ир░┐р░пр░Вр░др▒Нр░░р░┐р░Вр░Ър░бр░╛р░ир░┐р░Хр░┐,855.0,ро╡ро┐ро╡ро░роЩрпНроХро│рпИропрпБроорпН,855
р░кр▒Нр░░р░пр░др▒Нр░ир░┐р░╕р▒Нр░др▒Бр░ир▒Нр░и,856.0,роЕро▒ро┐роХрпНроХрпИроХро│рпН,856
р░Зр░╖р▒Нр░Яр░кр░бр░╡р░Ър▒Нр░Ър▒Б,857.0,ро╡рпАроЯро┐ропрпЛроХрпНроХро│рпИ,857
р░Ур░Яр▒Нр░▓р▒Б,858.0,роХро╛родрпНродро┐ро░рпБроирпНродрпБ,858
р░╕р░░р░╛р░╕р░░р░┐,859.0,роЗро░рпБроирпНродродрпИ,859
р░мр░пр░Яр░Хр▒Б,860.0,роЗро░рпБроирпНродрой,860
р░ор▒Мр░ир░Вр░Чр░╛,861.0,роХроЯро╡рпБро│рпИ,861
р░Ър▒Зр░пр░Чр░▓р░░р▒Б,862.0,роХрпКройрпНро▒рпЗройрпН,862
р░др░░р░▓р░┐р░Вр░Ър░бр░╛р░ир░┐р░Хр░┐,863.0,роЪрпЖро╛ро▓рпНроХро┐ро▒ро╛ро░рпНроХро│рпН,863
тАЬр░И,864.0,рокро╛ро░рпНроХрпНроХро╡рпБроорпН,864
р░мр░Вр░зр▒Бр░╡р▒Бр░▓р░Вр░жр░░р▒В,865.0,роирпЗро░родрпНродрпИ,865
р░пр▒Бр░Чр░В,866.0,рокро╛ро░ро╛роЯрпНроЯрпБроХро┐ро▒рпЛроорпН,866
р░Ер░╡р░др░╛р░░р░В,867.0,роорпБройрпНро╡ро╛ро░рпНроорпНропрпВроорпН,867
р░кр▒Нр░░р░др░┐р░ир░┐р░зр▒Бр░▓р▒Б,868.0,роХрогрпНрогро┐,868
р░Хр░╛р░│р░┐,869.0,роЪрпБро░рпБроХрпНроХроорпН,869
р░др▒Нр░пр░╛р░Чр░╛р░▓р▒Б,870.0,роХрпЗро│рпН,870
р░ор░др░кр░░р░ор▒Ир░и,871.0,роЪро┐ро▓ро╡ро▒рпНро▒рпИ,871
р░Жр░Ър░╛р░░р░╛р░▓р▒Б,872.0,роЕрогрпБроХро╡рпБроорпН,872
р░╡р▒Зр░жр░╛р░▓,873.0,роЖро▓рпЗро╛роЪройрпИроХро│рпН,873
р░Ьр▒Нр░Юр░╛р░ир░В,874.0,родро╛ро╡ро▓рпН,874
р░жр░пр░ир▒Б,875.0,рокро╛ро▓рпН,875
р░Ър▒Зр░╕р▒Зр░╡р░╛р░░р▒Б,876.0,роЪро┐ро▒роирпНродро╡ро░рпНроХро│рпН,876
р░╡р▒Зр░ж,877.0,роЖро░роорпНрок,877
р░ор░др░В,878.0,ро╡ро┐рогрпНрогрокрпНрокро┐роХрпНроХ,878
р░Йр░▓р▒Нр░▓р░Вр░Шр░┐р░Вр░Ър░╛р░░р▒Б,879.0,роПродрпЗро╛,879
р░Ер░╡р░┐,880.0,роироЯроирпНродрпБро╡ро┐роЯрпНроЯродрпБ,880
р░ор░ир░╕р▒Нр░╕р▒Б,881.0,роХрпЗро│рпНро╡ро┐ропрпИ,881
р░Ер░ир░╛р░░р▒Лр░Чр▒Нр░пр░В,882.0,роОрогрпНрогродрпНродрпИ,882
р░╡р▒Гр░жр▒Нр░зр░╛р░кр▒Нр░пр░В,883.0,рооро╛ро▒рпНро▒ро╡рпБроорпН,883
р░ор░д,884.0,родройрпНройрпИ,884
р░Ър▒Зр░пр░бр░В,885.0,роЙро│рпНро│ройтАж,885
р░╡р░┐р░Ър░╛р░░р░В,886.0,роЗройрпНро▒рпИроХрпНроХрпБ,886
р░╡р░┐р░▓р░кр░┐р░Вр░Ър░бр░В,887.0,рокро╛ро░рпНроХрпНроХро▓ро╛роорпН,887
р░нр░пр░В,888.0,родроЯро╡рпИропро╛,888
р░╡р░╛р░░р░╕р▒Бр░▓р▒Б,889.0,родрпЖро╛роЯро░рпНрокро╛рой,889
р░░р░╛р░Ьр▒Нр░пр░Вр░▓р▒Л,890.0,рооро╛ро▒рпНро▒,890
р░др░┐р░░р▒Бр░Чр▒Бр░др▒В,891.0,рокрогро┐ропро╛ро▒рпНро▒,891
р░кр▒Нр░░р░Ьр░▓р░Вр░жр░░р░┐р░Хр▒А,892.0,родро┐ро▒роирпНродрпЛроорпН,892
р░мр░╛р░з,893.0,роХро╡ро▓рпИроХро│рпН,893
р░Хр░▓р░┐р░Чр░┐р░╕р▒Нр░др░╛р░░р▒Б,894.0,роХро░рпБродрпНродрпБроХро│рпН,894
р░Ер░▓р░╛р░Вр░Яр░┐,895.0,ро╡рпЖро▓рпНроХроорпН,895
р░╡р▒Нр░пр░Хр▒Нр░др▒Бр░▓р▒Б,896.0,ро╡ро╛роЪроХро░рпНроХро│ро┐роЯроорпН,896
р░кр▒Нр░░р░нр░╛р░╡р░╛р░▓р░др▒Л,897.0,роХрпЗроЯрпНроЯрпБ,897
р░ор▒Лр░╕р░кр▒Лр░др░╛р░░р▒Б,898.0,роЯрпВро░рпН,898
р░╕р▒Нр░╡р░нр░╛р░╡р░Вр░▓р▒Л,899.0,роХрпБро▒ро┐ропрпАроЯрпБ,899
р░Ър░Вр░Ър░▓р░ор▒Ир░ир░╡р░╛р░░р▒Б,900.0,роЪрпЗрооро┐родрпНродро╡рпБроЯройрпН,900
р░др▒Ар░╡р▒Нр░░р░ор▒Ир░и,901.0,ро╡рпИродрпНродрпБ,901
р░Хр▒Лр░░р░┐р░Хр░▓р░др▒Л,902.0,роЪрпЖро▓рпНро▓ро▓ро╛роорпН,902
р░ир░┐р░Вр░бр░┐,903.0,роЪро┐ро░ро┐рокрпНрокродро▒рпНроХрпБ,903
р░Ер░кр░╛р░░р░ор▒Ир░и,904.0,роЗрогрпИропро╛роХ,904
р░кр░╛р░кр░╛р░др▒Нр░ор░Хр░ор▒Ир░ир░╡р░╛р░░р▒Б,905.0,рокро╛ро░рпНродрпНрод,905
р░Чр░░р▒Нр░╡р░Вр░Чр░╛,906.0,роХрпКро│рпНро│ро╡рпБроорпН,906
р░Хр▒Нр░░р▒Вр░░р░Вр░Чр░╛,907.0,роЪрпКройрпНройрокрпЛродрпБ,907
р░др░о,908.0,ро╡роирпНродро┐ро░рпБроирпНродродрпИ,908
р░др░Вр░бр▒Нр░░р▒Бр░▓р░Хр▒Б,909.0,роЙрогро░рпНроирпНродрпЗройрпН,909
р░др░▓р▒Нр░▓р▒Бр░▓р░Хр▒Б,910.0,ро╡ро┐родрпНродро┐ропро╛роЪрооро╛ройродрпБ,910
р░Ер░▓р░╛р░Чр▒З,911.0,ропро╛ро░ро┐роЯроорпН,911
р░░р▒Жр░Вр░бр▒Бр░╕р░╛р░░р▒Нр░▓р▒Б,912.0,роХроЯрпНроЯрпБрокрпНрокроЯрпБродрпНрод,912
р░Ьр░ир▒Нр░ор░┐р░Вр░Ър░┐р░ир░╡р░╛р░░р▒Б,913.0,роЪродрпНродро┐ропродрпНродрпИ,913
р░Жр░зр▒Нр░пр░╛р░др▒Нр░ор░┐р░Хр░Вр░Чр░╛,914.0,ро╡ро╛роХрпНроХрпБроХро│рпН,914
р░кр▒Нр░░р░╛р░░р░Вр░нр░┐р░Вр░Ър░┐р░ир░╡р░╛р░░р▒Б,915.0,ро╡рпЖро│ро┐ропрпЗ,915
р░кр▒Нр░░р░╡р░░р▒Нр░др░ир░ир▒Б,916.0,роЕро╡ро│рпБроХрпНроХрпБ,916
р░Йр░Вр░бр░░р▒Б,917.0,роироорпНрооро╛ро▓рпН,917
р░кр░╛р░Яр░┐р░Вр░Ър░Хр▒Бр░Вр░бр░╛,918.0,роорпБройрпНройрпЗро╛роХрпНроХро┐,918
р░др░░р░Чр░др▒Бр░▓,919.0,роироХро░рпНродрпНрод,919
р░╕р▒Зр░╡р░▓р▒Л,920.0,роородроЩрпНроХро│рпН,920
тАЭр░ир░╛р░кр▒Н,921.0,рокрпЛройрпНро▒,921
р░╕р░╛р░зр▒Нр░пр░В,922.0,ро╡рпАро┤рпНроирпНрод,922
р░╕р▒Нр░╡р░Вр░д,923.0,роЖродрпНрооро╛роХрпНроХро│рпН,923
р░Ор░Хр▒Нр░╕р▒Нр░кр▒Жр░╡р▒Жр░ир▒Нр░Яр░┐р░ир▒Н,924.0,роЕро╡ро░рпНроХро│рпБроХрпНроХрпБ,924
р░мр▒Жр▒Цр░мр░┐р░▓р▒Б,925.0,ро╡ро╛ро┤рпНро╡ро╛родро╛ро░рооро╛роХ,925
р░Ър▒Жр░мр▒Бр░др▒Лр░Вр░жр░┐,926.0,роЪрпЖропрпНроХро┐ройрпНро▒рой,926
р░Зр░кр▒Нр░кр▒Бр░бр▒З,927.0,ро╡рпЗрод,927
р░Ьр▒Вр░▓р▒Жр▒Ц,928.0,роЮро╛ройродрпНродро┐ройрпН,928
р░╕р░┐р░жр▒Нр░зр░ор░╛,929.0,рокрпЛродройрпИроХро│рпН,929
р░╡р░┐р░╡р░░р░╛р░▓р░ир▒Б,930.0,родрпКро┤ро┐ро▓рпН,930
р░Ър▒Вр░бр░╛р░▓р░ир▒Бр░Хр▒Бр░Вр░Яр▒Бр░ир▒Нр░ир░╛р░░р░╛,931.0,ро╡ро╛роХрпНроХрпБро▒рпБродро┐роХро│рпИ,931
р░╕р░░р▒Нр░╡,932.0,роиро┐ро▒рпИро╡рпЗро▒рпНро▒рпБро╡родро┐ро▓рпН,932
р░╕р░┐р░бр░╛р░Хр▒Н,933.0,ро╡ро┐ро┤рпБроирпНродрпБро╡ро┐роЯрпНроЯрпБ,933
р░░р░┐р░Ьр░░р▒Нр░╡р▒Б,934.0,роородрпБ,934
р░Ър▒Зр░пр░мр░бр░┐р░ир░╡р░┐,935.0,роЗро▒рпИроЪрпНроЪро┐,935
р░╣р▒Мр░╕р▒Н,936.0,роЙро│рпНро│ро┐роЯрпНроЯ,936
р░жр░┐,937.0,роЕро░рпБро╡ро░рпБрокрпНрокро╛рой,937
р░Цр░░р▒Нр░Ър▒Б,938.0,рокрпКро░рпБроЯрпНроХро│рпИ,938
р░др░кр▒Нр░кр░Х,939.0,ро╡ро┐ро▒рпНроХро┐ро▒ро╛ро░рпНроХро│рпН,939
р░░р▒Лр░ор░ир▒Н,940.0,роЗропро▒рпНроХрпИропро╛ро▓рпН,940
р░Ър▒Зр░╕р░┐р░Вр░жр░┐,941.0,роХрпКроЯрпВро░рооро╛ройро╡ро░рпНроХро│рпН,941
р░Ър▒Жр░мр▒Бр░др░╛р░ир▒Б,942.0,рокро╛ро▓ро┐ройродрпНродрпИ,942
р░др▒Жр░▓р▒Бр░Чр▒Б,943.0,родро┐ро░рпБрокрпНродро┐рокрпНрокроЯрпБродрпНродрпБро╡родро┐ро▓рпН,943
р░ир▒Зр░░р▒Нр░кр░Вр░бр░┐,944.0,родрпАро╡ро┐ро░рооро╛ройро╡ро░рпНроХро│рпН,944
р░Ор░▓р░╛тАЭ,945.0,роХро╛ро░рогродрпНродро┐ро▒рпНроХро╛роХ,945
р░╕р░╣р░╛р░пр░кр░бр░др░╛р░ор▒Л,946.0,рокрпЖрогрпНроХро│рпБроХрпНроХро╛роХ,946
р░Ер░Вр░др░░р▒Нр░Ьр░╛р░др▒Ар░п,947.0,роПроЩрпНроХрпБроХро┐ро▒ро╛ро░рпН,947
р░нр░╛р░░р░др▒Н,948.0,роХрпБроЯро┐рокрпНрокро╛ро░рпН,948
р░Ур░кр▒Жр░ир▒Н,949.0,тАЯроирпЗрокрпН,949
р░Йр░ир▒Нр░ир░╛р░░р░╛,950.0,роОроХрпНро╕рпНроОройрпНропрпВроОроорпНроОроХрпНро╕рпН,950
р░Яр░┐р░Хр▒Жр░Яр▒Нр░▓р▒Б,951.0,роЪро╛родрпНродро┐ропрооро╛рой,951
р░Ер░Вр░жр░░р░┐р░Хр▒А,952.0,роР,952
р░╣р▒Мр░╕р░┐р░Вр░Чр▒Н,953.0,роЙро░рпБро╡ро╛роХрпНроХрпБроЩрпНроХро│рпН,953
р░лр▒Жр▒Цр░ир░╛р░ир▒Нр░╕р▒Н,954.0,рокрпИрокро┐ро│рпН,954
р░кр▒Нр░░р░др▒Нр░пр▒Зр░Хр░┐р░Вр░Ър░мр░бр░┐р░ир░╡р░┐,955.0,роХрпВро▒рпБроХро┐ро▒родрпБ,955
р░Хр▒Лр░░р▒Бр░Хр▒Бр░ир▒Нр░и,956.0,роОроЩрпНроХро│ро╛ро▓рпН,956
р░лр░┐р░мр▒Нр░░р░╡р░░р░┐,957.0,роорпБроЯро┐роирпНродродрпБ,957
р░╡р░пр░╕р▒Нр░╕р▒Б,958.0,роЬрпВро▓рпИ,958
р░Йр░ир▒Нр░ир░╛р░ир░ир░┐,959.0,родрпЖро╛роЯроЩрпНроХродрпН,959
р░Ър▒Зр░╕р░┐р░ир░жр░┐,960.0,родропро╛ро░ро╛,960
р░Яр░╛р░Яр▒Вр░▓р░ир▒Б,961.0,ро╡ро┐ро╡ро░роЩрпНроХро│рпИроХрпН,961
р░╢р▒Лр░зр░┐р░Вр░Ър░Вр░бр░┐,962.0,роХро╛рог,962
р░кр▒Кр░Вр░жр░Чр░▓р░ир▒Б,963.0,роЯро╛роХрпН,963
р░ор▒Кр░жр░▓р▒Бр░кр▒Жр░Яр▒Нр░Яр░Чр░▓р░ир▒Б,964.0,роЕрокрпНрокро╛ро╡ро┐,964
р░Жр░╕р░Хр▒Нр░др░┐р░Хр░┐,965.0,роХрпЗро╛рокрпНрокрпИ,965
р░зр░ир▒Нр░пр░╡р░╛р░жр░ор▒Бр░▓р▒Б,966.0,родро┐,966
р░╕р░Вр░жр░░р▒Нр░нр░╛р░▓р░▓р▒Л,967.0,роЪро┐роХрпНроХро▓рпН,967
р░Ьр░░р░Чр░╡р░Ър▒Нр░Ър▒Б,968.0,ро░рпЗро╛рооройрпН,968
р░╡р░Ър▒Нр░Ър░╛р░В,969.0,роироЯроХрпНроХро╛родрпБ,969
р░ир▒Зр░Яр░┐,970.0,роЪрпЖро╛ро▓рпНро▓ро▓ро╛роорпН,970
р░ор▒Бр░Вр░жр▒Бр░Чр░╛р░ир▒З,971.0,роКро┤ро┐ропро░рпН,971
р░Ор░╡р░░р░┐р░др▒Лр░ир▒В,972.0,роХро▒рпНрокро┐роХрпНроХро┐ро▒родрпБ,972
р░Ър▒Зр░пр░мр░бр░жр▒Б,973.0,тАЬроПройрпНтАЭ,973
р░Хр▒Лр░бр▒НтАМр░▓р░ир▒Б,974.0,роОрокрпНрокроЯро┐тАЭ,974
р░ир░ор▒Лр░жр▒Б,975.0,роОройрпНрокродрпИроХрпН,975
р░Зр░╕р▒Нр░др▒Бр░ир▒Нр░ир░жр░┐,976.0,роЪро░рпНро╡родрпЗроЪ,976
р░Ър░жр░┐р░╡р░┐р░и,977.0,родро┐ро▒роирпНродродрпБ,977
р░Зр░др░░р▒Бр░▓,978.0,роЗро░рпБроХрпНроХро┐ро▒рпАро░рпНроХро│ро╛,978
р░╕р▒Нр░кр▒Жр░╕р░┐р░лр░┐р░Хр▒Зр░╖р░ир▒Н,979.0,роЯро┐роХрпНроХрпЖроЯрпН,979
р░ир░ор▒Вр░ир░╛р░▓р░ир▒Б,980.0,родрпКроЯроХрпНроХроорпН,980
р░кр▒Кр░Вр░жр░╡р░Ър▒Нр░Ър▒Б,981.0,роЕродро┐ро░рпНро╖рпНроЯроорпН,981
├д,982.0,роЙро│рпНро│роЯроХрпНроХрокрпНрокроЯрпНроЯрпБро│рпНро│рой,982
р░Ер░ир▒Бр░Хр▒Лр░╡р░Ър▒Нр░Ър▒Б,983.0,ро╡рпАроЯрпНроЯрпБ,983
р░Цр░░р▒Нр░Ър░╡р▒Бр░др▒Бр░Вр░жр░┐,984.0,ро╡роЪродро┐,984
р░Ър▒Жр░мр▒Бр░др▒Бр░ир▒Нр░ир░╛р░░р▒Б,985.0,роиро┐родро┐,985
р░Ър▒Жр░кр▒Нр░кр░╛р░▓р░┐,986.0,ро╡ропродрпБ,986
р░кр░Вр░кр░мр░бр░┐р░Вр░жр░┐,987.0,роЪрпЖропрпНропрокрпНрокроЯрпНроЯродрпБ,987
р░кр░Вр░бр▒Бр░▓р▒Л,988.0,рокроЪрпНроЪрпИ,988
р░╡р▒Зр░жр░и,989.0,роХрпБродрпНродро▓рпНроХро│рпН,989
р░Йр░Вр░бр░╛р░▓р░╛,990.0,родрпКроЯроЩрпНроХрпБро╡родрпБ,990
р░Пр░Ьр▒Жр░Вр░Яр▒Н,991.0,роЖро░рпНро╡роорпН,991
р░Йр░Вр░бр░╛р░▓р░ир▒Бр░Хр▒Бр░Вр░Яр▒Бр░ир▒Нр░ир░╛р░░р░╛,992.0,роХро╛роЯрпНроЯро┐ропродро▒рпНроХрпБ,992
р░Хр░ор▒Н,993.0,роиро┐роХро┤рпНро╡рпБроХро│ро┐ро▓рпН,993
р░░р░Хр░ор▒Жр▒Цр░и,994.0,роорпБройрпНроХрпВроЯрпНроЯро┐ропрпЗ,994
р░╢р▒Нр░░р░жр▒Нр░зр░др▒Л,995.0,рокро╛родрпБроХро╛рокрпНрокро╛ройродрпБ,995
р░Йр░Вр░Ър░бр░╛р░ир░┐р░Хр░┐,996.0,ропро╛ро░рпБроЯройрпБроорпН,996
р░╕р▒Нр░ер░╛р░ир░┐р░Х,997.0,рокроХро┐ро░рокрпНрокроЯро╛родрпБ,997
р░кр▒Нр░░р░Ьр░▓р░кр▒Жр▒Ц,998.0,роХрпБро▒ро┐ропрпАроЯрпБроХро│рпИ,998
р░Хр▒Мр░Вр░Яр▒Н,999.0,роЙро│рпНро│ро┐роЯ,999
р░мр░╛р░Чр░╛,1000.0,ро╡ро┤роЩрпНроХрпБро╡родрпБ,1000
р░╕р▒Лр░жр░░р▒Бр░бр▒Б,1001.0,рокроЯро┐родрпНродрпБ,1001
р░Ор░Хр▒Нр░╕р▒Нр░Яр▒Жр░ир▒Нр░╖р░ир▒Нр░╕р▒Н,1002.0,ро╡ро┐ро╡ро░роХрпНроХрпБро▒ро┐рокрпНрокрпБ,1002
р░ор░╛р░░р▒Бр░др▒Бр░ир▒Нр░и,1003.0,рооро╛родро┐ро░ро┐роХро│рпН,1003
р░Ър▒Зр░пр░╛р░▓р░ир░┐,1004.0,роиро┐ройрпИроХрпНроХро▓ро╛роорпН,1004
р░кр▒Нр░░р▒Лр░др▒Нр░╕р░╣р░┐р░╕р▒Нр░др▒Бр░ир▒Нр░ир░╛р░░р▒Б,1005.0,роЪрпЖро╛ро▓рпНроХро┐ро▒ро╛ропрпН,1005
р░╡р░┐р░░р░╛р░│р░В,1006.0,роХро╡ро╛ро╕рпН,1006
р░кр░Вр░кр░бр░╛р░ир░┐р░Хр░┐,1007.0,роХрпНроХрпБ,1007
р░╡р░╛р░░р░┐р░ир░┐,1008.0,роЕройрпБрокрпНрокрокрпНрокроЯрпНроЯродрпБ,1008
р░ир░╡р▒Нр░╡р▒Бр░др▒В,1009.0,роЪроирпНродрпЗроХроЩрпНроХро│рпН,1009
р░Йр░Вр░бр░Яр░╛р░ир░┐р░Хр░┐,1010.0,роЬрпЗройрпН,1010
р░Хр░Яр▒Нр░Яр░┐р░Вр░Чр▒Н,1011.0,рокрпБро▓роорпНрокрпБ,1011
р░кр▒Лр░░р░╛р░бр▒Бр░др▒Бр░ир▒Нр░ир░╛р░░р░╛,1012.0,роорпБроХро╡ро░рпН,1012
р░ор▒Бр░Чр░┐р░╕р░┐р░и,1013.0,роЪрпЗро░рпБроЩрпНроХро│рпН,1013
р░ир░┐р░ир▒Нр░и,1014.0,ро╡роХрпИропро╛рой,1014
р░зр░░,1015.0,роХро╡ройродрпНродрпИ,1015
р░╕р░░р░│р░В,1016.0,роЪрооро╛родро╛ройрооро╛роХ,1016
р░Ьр▒Ар░╡р░┐р░др░Вр░▓р▒Л,1017.0,ро╡ро░рпБроХро┐ро▒рпЛрооро╛,1017
р░Хр░ир░┐р░кр░┐р░Вр░Ър░бр░В,1018.0,ро╡рпИродрпНродро┐ро░рпБроХрпНроХро╡рпБроорпН,1018
р░Ор░Вр░др░╕р▒Зр░кр▒Б,1019.0,роЙро│рпНро│рпВро░рпН,1019
р░╡р░╛р░пр▒Бр░╡р▒Зр░Чр░Вр░др▒Л,1020.0,роОрогрпНрог,1020
р░Ур░╡р░░р▒Нр░▓р░╛р░Хр░┐р░Вр░Чр▒Н,1021.0,роХрпЖро╛рогрпНроЯро┐ро░рпБроХрпНроХро┐ройрпНро▒рпЗро╛роорпН,1021
р░╖р░╛р░кр░┐р░Вр░Чр▒Н,1022.0,роЪроХрпЗро╛родро░ройрпН,1022
р░Ер░Вр░╢р░╛р░▓р▒Б,1023.0,роХрогрпНрогро┐ро┤ро┐,1023
р░жр░пр░Ър▒Зр░╕р░┐тАж,1024.0,роирпАроЯрпНроЯро┐рокрпНрокрпБроХро│рпН,1024
р░Йр░ир▒Нр░ир░╛р░пр░╛,1025.0,роЪрпБро░рпБро│рпН,1025
р░╡р▒Нр░пр░╛р░Цр▒Нр░пр░ир▒Б,1026.0,роЙро▓роХродрпНродрпИ,1026
р░╡р░┐р░╖р░пр░╛р░▓р░ир▒Б,1027.0,рооро╛ро▒рпНро▒ро╡рпЗ,1027
р░╡р▒Жр░│р▒Нр░│р░жр░▓р▒Бр░Ър▒Бр░Хр▒Бр░ир▒Нр░ир░╛р░╡р▒Б,1028.0,ро╡ро░рпБроХро┐ро▒рпЗро╛роорпН,1028
р░ор▒Жр░░р▒Бр░Чр▒Бр░кр░░р░Ър░бр░╛р░ир░┐р░Хр░┐,1029.0,роКроХрпНроХрпБро╡ро┐роХрпНроХ,1029
р░кр░░р▒Ар░Хр▒Нр░╖р░┐р░Вр░Ър░бр░╛р░ир░┐р░Хр░┐,1030.0,ро╡рпИроХрпНроХ,1030
р░░р▒Лр░Ьр▒Бр░ир▒Б,1031.0,роХроЯрпНроЯро┐роЩрпН,1031
р░Ьр░░р▒Бр░Чр▒Бр░др▒Бр░Вр░жр░┐,1032.0,рокрпЛро░ро╛роЯро┐,1032
р░кр░ир░┐р░Ър▒Зр░╕р▒Нр░др▒Бр░ир▒Нр░ир░╛р░░р▒Б,1033.0,роХро╛ро▓ро╛ро╡родро┐ропро╛ройродрпБ,1033
р░╡р▒Жр░пр▒Нр░пр░┐,1034.0,роирпЗро▒рпНро▒рпБ,1034
р░╢р░╛р░др░В,1035.0,роиро▓рпНро╡ро░ро╡рпБ,1035
р░╡р░╛р░╡р▒Н,1036.0,роЪрпБро▓рокрооро╛ройродрпБ,1036
р░ер░┐р░Вр░Чр▒Н,1037.0,роОро│ро┐роорпИропро╛ройродрпБ,1037
р░Хр░ор░┐р░Вр░Чр▒Н,1038.0,роОро▓рпНро▓рпЗро╛ро░рпБроорпН,1038
'р░Йр░Вр░бр░╛р░▓р░┐,1039.0,родроЩрпНроХро│рпН,1039
р░░р░╡р░╛р░гр░╛,1040.0,ро╡ро╛ро┤рпНроХрпНроХрпИропро┐ро▓рпН,1040
р░кр▒Нр░░р░╕р▒Нр░др▒Бр░др░В,1041.0,ро╡ро┐ро░рпБроорпНрокрпБроХро┐ро▒ро╛ро░рпН,1041
р░╢р░╛р░╢р▒Нр░╡р░д,1042.0,роХро╛ро▓роорпН,1042
р░ор░ир▒Лр░╣р░░р░ор▒Жр▒Цр░и,1043.0,ро╡ро▓родрпБ,1043
р░кр▒Кр░Вр░жр▒Бр░др░╛р░░р▒Б,1044.0,рокро╛родрпИропро┐ро▓рпН,1044
тАЬр░др░┐р░░р░┐р░Чр░┐тАЭ,1045.0,родро┐роЯро╡ро╛роХрпН,1045
р░мр░╛р░др▒Б,1046.0,ро╡ро┐роЯропроорпБроорпН,1046
р░кр░┐р░Вр░Хр▒Н,1047.0,роЪрпЖропрпНропро╡рпБроорпНтАж,1047
р░Ер░др░ир░┐,1048.0,роЙро│рпНро│ройро╡ро╛,1048
р░╕р▒Нр░ор▒Ир░▓р▒Н,1049.0,роХрпЗро│рпНро╡ро┐роХро│рпБроХрпНроХрпБроорпН,1049
р░╕р░╛р░░р▒Нр░▓р▒Б,1050.0,роХро▓роирпНродро╛ро▓рпЗро╛роЪро┐роХрпНроХ,1050
р░кр▒Нр░░р░пр░др▒Нр░ир░┐р░Вр░Ър░▓р▒Зр░жр▒Б,1051.0,роП,1051
р░╡р░╛р░░р░┐р░др▒Л,1052.0,рокрпЗро╛ройрпНро▒ро╡рпИ,1052
р░╡р▒Нр░пр░╛р░кр░╛р░░,1053.0,рокрпЖро╛ро░рпБроЯрпНроХро│рпИрокрпН,1053
р░╡р▒Жр░│р▒Нр░др░╛р░ор▒Б,1054.0,рокрпЖро▒ро▓ро╛роорпН,1054
р░Ер░жр▒Нр░нр▒Бр░др░ор▒Ир░и,1055.0,рокрпЗро╛роХ,1055
р░╡р▒Нр░пр░╛р░кр░╛р░░р░В,1056.0,роЙродро╡ро╡рпБроорпН,1056
р░Зр░Вр░Чр▒Нр░▓р▒Ар░╖р▒Нр░Ер░░р░мр░┐р░Хр▒Нр░Жр░лр▒Нр░░р░┐р░Хр░╛р░ир▒Нр░╕р▒Нр░мр▒Жр░▓р░░р▒Бр░╢р░┐р░пр░ир▒Нр░мр░▓р▒Нр░Чр▒Зр░░р░┐р░пр░ир▒Нр░Ър▒Жр▒Цр░ир▒Ар░╕р▒Нр░Ър▒Жр░Хр▒Нр░бр░╛р░ир░┐р░╖р▒Нр░бр░Ър▒Нр░лр░┐р░ир▒Нр░ир░┐р░╖р▒Нр░лр▒Нр░░р▒Жр░Вр░Ър▒Н,1057.0,рооро┐роХрпНроХ,1057
р░лр▒Нр░░р░╛р░ир▒Нр░╕р▒Нр░лр▒Нр░░р▒Жр░Вр░Ър▒Н,1058.0,роЪрпЗро╛родро┐роХрпНроХ,1058
р░Хр▒Жр░ир░бр░╛р░Ьр░░р▒Нр░ор░ир▒Нр░Чр▒Нр░░р▒Ар░Хр▒Нр░╣р░┐р░мр▒Нр░░р▒Вр░╣р░┐р░Вр░жр▒Ар░╣р░Вр░Чр▒Зр░░р░┐р░пр░ир▒Нр░Рр░╕р▒Нр░▓р░╛р░Вр░бр░┐р░Хр▒Нр░Зр░Вр░бр▒Лр░ир▒Зр░╖р░┐р░пр░ир▒Нр░Рр░░р░┐р░╖р▒Нр░Зр░Яр░╛р░▓р░┐р░пр░ир▒Нр░Ьр░кр░ир▒Ар░╕р▒Нр░Цр▒Нр░ор▒Зр░░р▒Нр░Хр▒Кр░░р░┐р░пр░ир▒Нр░▓р░┐р░ер▒Бр░пр▒Зр░ир░┐р░пр░ир▒Нр░ор░╛р░▓р▒Нр░Яр▒Ар░╕р▒Нр░ир░╛р░░р▒Нр░╡р▒Зр░Ьр░┐р░пр░ир▒Нр░кр▒Лр░▓р░┐р░╖р▒Нр░кр▒Лр░░р▒Нр░Ър▒Бр░Чр▒Ар░╕р▒Н,1059.0,роОройрпНрокродрпБ,1059
р░мр▒Нр░░р▒Жр░Ьр░┐р░▓р▒Нр░кр▒Лр░░р▒Нр░Ър▒Бр░Чр▒Ар░╕р▒Н,1060.0,роЗродро▒рпНроХро╛рой,1060
р░кр▒Лр░░р▒Нр░Ър▒Бр░Чр░▓р▒Нр░░р░╖р▒Нр░пр░ир▒Нр░╕р▒Жр░░р▒Нр░мр░┐р░пр░ир▒Нр░╕р▒Нр░▓р▒Лр░╡р░╛р░Хр▒Нр░╕р▒Нр░▓р▒Лр░╡р▒Зр░ир░┐р░пр░╛р░ир▒Нр░╕р▒Нр░кр░╛р░ир░┐р░╖р▒Н,1061.0,роЙройрпНройрпБроЯрпИроп,1061
р░ор▒Жр░Хр▒Нр░╕р░┐р░Хр▒Лр░╕р▒Нр░кр░╛р░ир░┐р░╖р▒Н,1062.0,роЙродро╡ро┐ропрпБроЯройрпН,1062
р░╕р▒Нр░кр▒Жр░пр░┐р░ир▒Нр░╕р▒Нр░╡р░╛р░╣р░┐р░▓р░┐р░╕р▒Нр░╡р▒Ар░бр░┐р░╖р▒Нр░др░ор░┐р░│р░ер░╛р░пр▒Нр░Яр░░р▒Нр░Хр░┐р░╖р▒Нр░Йр░Хр▒Нр░░р▒Зр░ир░┐р░пр░ир▒Нр░╡р░┐р░пр░др▒Нр░ир░╛р░ор▒Ар░╕р▒Н,1063.0,рокрпЗро╛ро╡рпЗро╛роорпН,1063
р░Ър░┐р░Хр░┐р░др▒Нр░╕,1064.0,рокрогро┐ропро┐ро▓рпН,1064
р░Хр░ер░ир░╛р░ир▒Нр░ир░┐,1065.0,роЙро│рпНро│ройро░рпН,1065
р░░р▒Зр░Яр▒Н,1066.0,ро╡ро┤роЩрпНроХрпБроиро░рпНроХро│рпН,1066
р░ир▒Лр░Яр▒Н,1067.0,роЪродро╡рпАродрооро╛,1067
р░╡р▒Нр░░р░╛р░пр░бр░╛р░ир░┐р░Хр░┐,1068.0,ро╡ро╛ро╡рпН,1068
р░░р▒Лр░Ьр▒Бр░▓р░▓р▒Л,1069.0,роРроЯро┐,1069
р░Ър░┐р░др▒Нр░░р░╛р░▓р▒Б,1070.0,'роЕроЯрпБродрпНрод,1070
р░Хр▒Нр░▓р░┐р░Хр▒Н,1071.0,рокро┐,1071
р░ор▒Ар░░р▒З,1072.0,роЬро┐рокро┐,1072
р░╡р▒Нр░пр░╛р░Цр▒Нр░п,1073.0,роорпБройрпНройро╛ро│рпН,1073
р░Зр░мр▒Нр░мр░Вр░жр░┐,1074.0,роХрпВро▒рпБроХро┐ро▒ро╛ро░рпН,1074
р░▓р░╛р░Чр░╛,1075.0,роОро╡ро░рпБроорпН,1075
р░ор▒Кр░жр░Я,1076.0,роХрокрпНрокро▓ро┐ро▓рпН,1076
р░лр▒Ар░Ьр▒Б,1077.0,роЙроЯройроЯро┐ропро╛роХ,1077
р░др▒Жр░▓р▒Бр░╕р▒Бр░Хр▒Лр░╡р░╛р░▓р░ир▒Бр░Хр▒Бр░Вр░Яр▒Бр░ир▒Нр░ир░╛р░░р░╛,1078.0,роЪрпЖропрпНропрокрпНрокроЯрпБроорпН,1078
р░нр░╛р░╖р░ир▒Б,1079.0,роиро┐ро░роирпНродро░,1079
р░ор░╛р░░р▒Нр░Ър░Вр░бр░┐,1080.0,родро│родрпНродро┐ро▓рпН,1080
р░Чр░╛р░ир░┐,1081.0,роХрогрпНроХро╡ро░рпН,1081
р░нр░пр░кр░бр▒Нр░бр░╛р░░р▒Б,1082.0,тАЬроорпАрогрпНроЯрпБроорпНтАЭ,1082
р░Ер░нр░┐р░ир░Вр░жр░ир░▓р▒Б,1083.0,ро╡ро╛родрпНродрпБ,1083
р░Ър▒Зр░пр░╛р░▓р▒Нр░╕р░┐,1084.0,рокро┐роЩрпНроХрпН,1084
р░бр░╛р░бр▒А,1085.0,роХрпЗро│рпНро╡ро┐роХро│рпИ,1085
р░Рр░╕р▒Н,1086.0,роЕро╡ро░родрпБ,1086
р░Хр▒Нр░░р▒Ар░ор▒Н,1087.0,рокрпБройрпНройроХрпИ,1087
р░др▒Жр░╕р▒Нр░др▒Бр░Вр░жр░┐,1088.0,роЪрпКро▓рпНроХро┐ро▒родрпБ,1088
р░Чр░Вр░Яр░▓,1089.0,родро┐ро░рпБродрпНродро┐роп,1089
р░кр▒Лр░╕р▒Нр░Яр▒Нр░▓р▒Б,1090.0,роЕро╡ро░рпНроХро│рпБроЯройрпН,1090
р░ор▒Бр░Чр░┐р░╕р░┐р░Вр░жр░┐,1091.0,ро╡рогро┐роХ,1091
р░мр▒Гр░Вр░жр░╛р░ир▒Нр░ир░┐,1092.0,роЙро▒ро╡рпБроХро│рпИ,1092
р░ир░┐р░пр░ор░┐р░Вр░Ър░╛р░▓р░ир▒Бр░Хр▒Бр░Вр░Яр▒Бр░ир▒Нр░ир░╛р░░р░╛,1093.0,роХрпЖро╛рогрпНроЯро┐ро░рпБрокрпНрокро╡ро░ро╛ропрпН,1093
р░Йр░Ър░┐р░д,1094.0,роЪрпЖро▓рпНроХро┐ро▒рпЛроорпН,1094
р░кр▒Кр░бр░┐р░Чр░┐р░Вр░кр▒Бр░▓р▒Б,1095.0,рооро╛родроЩрпНроХро│рпН,1095
р░Чр▒Бр░бр▒Н,1096.0,роорпБройрпНройро╛ро▓рпН,1096
р░╡р░╛р░░р░╛р░ир░┐р░Хр░┐,1097.0,ро╡ро┐ропро╛рокро╛ро░родрпНродро┐ро▒рпНроХрпБ,1097
р░бр▒Зр░╕р▒Н,1098.0,роЖроЩрпНроХро┐ро▓роорпНроЕро░рокрпБроЖроГрокрпНро░ро┐роХро╛ройрпНро╕рпНрокрпИро▓рпЗро╛ро░рпБро╖рпНройрпНрокро▓рпНроХрпЗро░ро┐ропройрпНроХро╛роЯро▓ро╛ройрпНроЪрпАройроХрпБро░рпЗро╛ро╖ро┐ропройрпНроЪрпЖроХрпНроЯрпЗройро┐ро╖рпНроЯроЪрпНроЪрпБроОро╕рпНроЯрпЗро╛ройро┐ропройрпНрокро╛ро░роЪрпАроХроорпНрокро┐ройрпНройро┐ро╖рпНрокро┐ро░роЮрпНроЪрпБ,1098
р░кр░░р░┐р░╖р▒Нр░Хр░╛р░░р░╛р░▓р░ир▒Б,1099.0,рокро┐ро░ро╛ройрпНро╕рпНрокро┐ро░роЮрпНроЪрпБ,1099
р░Зр░╕р▒Нр░др▒Бр░Вр░жр░┐,1100.0,роХройроЯро╛роЬрпЖро░рпНрооройрпНроХро┐ро░рпЗроХрпНроХроорпНро╣рпАрокрпНро░рпБроЗроирпНродро┐ро╣роЩрпНроХрпЗро░ро┐ропройрпНроРро╕рпНро▓рпЖройрпНроЯро┐роХрпНроЗроирпНродрпЗро╛ройрпЗроЪро┐ропроРро░ро┐ро╖рпНроЗродрпНродро╛ро▓ро┐ропроЬрокрпНрокройрпАро╕рпНроХрпЖроорпЖро░рпНроХрпЖро╛ро░ро┐ропро▓рпЗроЯрпНро╡ро┐ропройрпНро▓ро┐родрпБро╡рпЗройро┐ропройрпНрооро╛ро▓рпНроЯро┐ро╕рпНрооро▓ро╛ропрпНрооро╛ро╕ро┐роЯрпЗро╛ройро┐ропройрпНроирпЗро╛ро░рпНро╡рпЗрокрпЗро╛ро▓ро┐ро╖рпНрокрпЗро╛ро░рпНродрпНродрпБроХрпАроЪро┐ропроорпН,1100
р░жр▒Бр░Хр░╛р░гр░В,1101.0,рокро┐ро░рпЗроЪро┐ро▓рпНрокрпЗро╛ро░рпНродрпНродрпБроХрпАроЪро┐ропроорпН,1101
р░Ер░╕р░╛р░зр▒Нр░пр░ор▒Жр▒Цр░ир░жр░┐,1102.0,рокрпЗро╛ро░рпНроЪрпНроЪрпБроХрпНроХро▓рпНро░рпЗро╛рооро╛ройро┐ропройрпНро░ро╖ро┐ропройрпНроЪрпЖро░рпНрокро┐ропройрпНро╕рпНро▓рпЗро╛ро╡ро╛роХрпНро╕рпНро▓рпЗро╛ро╡рпЗройро┐ропройрпНро╕рпНрокро╛ройро┐ро╖рпН,1102
р░пр▒Зр░жр░┐,1103.0,роорпЖроХрпНро╕ро┐роХрпНроХрпЗро╛ро╕рпНрокро╛ройро┐ро╖рпН,1103
р░╡р░░р▒Нр░др░┐р░Вр░Ър▒З,1104.0,ро╕рпНрокрпЖропро┐ройрпНро╕рпНро╡рпАроЯро┐ро╖рпНродрооро┐ро┤рпНродро╛ропрпНродрпБро░рпБроХрпНроХро┐ропроЙроХрпНро░рпИройро┐ропройрпНро╡ро┐ропроЯрпНроиро╛роорпН,1104
р░ир░╛р░Яр▒Нр░пр░В,1105.0,ро╡ро╛ро░ро┐ропро╛роХ,1105
р░др░╛р░Ьр░╛,1106.0,рокрпИропройрпН,1106
р░Йр░кр░пр▒Лр░Чр░кр░бр▒З,1107.0,роорпНроорпН,1107
р░лр▒Ар░Ър░░р▒Нр░▓р░ир▒Б,1108.0,роХроЯрпНроЯрпБро░рпИропрпИ,1108
р░лр░ир▒Нр░ир▒А,1109.0,роородро┐рокрпНрокро┐роЯрпБроХ,1109
р░╡р░╛р░╕р░и,1110.0,роХрпБро▒рпБроХро┐роп,1110
р░╡р▒Нр░пр░╛р░Хр░░р░гр░В,1111.0,роХрпБро▒ро┐рокрпНрокрпБ,1111
р░╕р▒Зр░▓р▒Нр░╕р▒Н,1112.0,роОро┤рпБрод,1112
р░╣р░╛р░Яр▒Нр░▓р▒Жр▒Цр░ир▒Нр░ир▒Б,1113.0,ро╡ро┤роХрпНроХрооро╛роХ,1113
р░Яр▒Жр░Хр▒Нр░ир░╛р░▓р░Ьр▒Ар░╕р▒Н,1114.0,рокроЯроЩрпНроХро│рпН,1114
р░╕р▒Бр░▓р░нр░ор░╛,1115.0,роХро┐ро│ро┐роХрпН,1115
р░Хр░ир▒Бр░Чр▒Кр░ир░Вр░бр░┐,1116.0,роЪрпЖропрпНропро╡рпБроорпН,1116
р░╕р░ор░╕р▒Нр░пр░▓р░ир▒Б,1117.0,роХро░рпБродрпНродрпБ,1117
р░кр░░р░┐р░╖р▒Нр░Хр░░р░┐р░Вр░Ър░Яр░╛р░ир░┐р░Хр░┐,1118.0,родрпЖро░ро┐ро╡ро┐рокрпНрокро╡ро░рпН,1118
р░жр▒Бр░мр░╛р░пр▒Н,1119.0,рокро╛ро░рпН,1119
р░ор▒Жр░пр░┐р░▓р▒Н,1120.0,роЪрпЖро╛ройрпНройрпЗройрпН,1120
р░кр░ар░ир░В,1121.0,роиро┐ро▒рпИроп,1121
р░Хр▒Кр░ир░╕р░╛р░Чр░┐р░Вр░Ър░Вр░бр░┐,1122.0,рокро┐ро░роЪрпНроЪройрпИропро┐ро▓рпН,1122
р░ор░╛р░Яр▒Н,1123.0,рокрпЗро╛ро▓,1123
р░Ер░▓р░╛р░Вр░Яр░┐р░жр▒З,1124.0,роХроЯрпНроЯрогроЩрпНроХро│рпН,1124
р░Ер░Вр░Яр▒З,1125.0,ро╡ро┐рооро░рпНроЪройроорпН,1125
р░ор░╛р░ир░╡р▒Бр░▓р▒Б,1126.0,роорпКро┤ро┐ропрпИ,1126
р░кр▒Вр░░р▒Нр░др░┐р░Хр░╛р░ир░┐,1127.0,рооро╛ро▒рпНро▒рпБроХ,1127
р░Ор░кр▒Нр░кр▒Бр░бр▒Жр▒Цр░ир░╛,1128.0,рокропрокрпНрокроЯрпБро╡родрпБ,1128
р░╡р░┐р░нр░╛р░Чр░╛р░▓р▒Б,1129.0,родрпЖро╛ро┤ро┐ро▓ро╛ро│,1129
р░кр▒Нр░▓р░╕р▒Н,1130.0,роЯро╛роЯро┐,1130
р░Зр░пр░░р▒Н,1131.0,роРро╕рпНроХро┐ро░рпАроорпН,1131
р░╕р▒Нр░ир▒Зр░╣р░В,1132.0,роЗроЯрпБроХрпИроХро│рпН,1132
р░ор░╛р░░р▒Нр░кр░┐р░бр░┐,1133.0,рокрпКродрпБро╡ро╛роХ,1133
р░Ьр▒Ар░╡р░┐р░др░Вр░▓р▒Лр░ир░┐,1134.0,роорпБроЯро┐роирпНродрпБро╡ро┐роЯрпНроЯродрпБ,1134
р░Хр▒Нр░╖р░гр░В,1135.0,роОройрпНройрпИропрпБроорпН,1135
р░Ыр░╛р░ир░▓р▒Н,1136.0,роОройродрпБ,1136
р░Хр▒Бр░Яр▒Бр░Вр░мтАжтАж,1137.0,роЕрогро┐ропрпИропрпБроорпН,1137
р░╕р▒Бр░▓р░нр░Вр░Чр░╛,1138.0,рокрогро┐ропрооро░рпНродрпНрод,1138
р░ир░┐р░пр░ор░╛р░▓р▒Б,1139.0,рооропро┐ро░рпНроХрпНроХро╛ро▓ро┐ройрпН,1139
р░░р░Вр░Чр░Вр░▓р▒Л,1140.0,ро╡ро╛ро░роорпН,1140
р░╡р░жр░┐р░▓р░┐р░╡р▒Зр░пр░Вр░бр░┐,1141.0,ро╡ро░рпИ,1141
р░░р░╣р░╕р▒Нр░п,1142.0,родрпАро░рпНро╡рпБроХро│рпИ,1142
р░╡р░┐р░╡р░░р░┐р░Вр░Ър░╛р░░р▒Б,1143.0,роХрпЖро╛роЯрпБроХрпНроХрпБроорпН,1143
р░лр▒Лр░ир▒Нр░▓р▒Б,1144.0,роХроЯрпИ,1144
р░жр░╢р░▓р▒Л,1145.0,родро▓рпИрокрпНрокро┐ро▓рпН,1145
р░Хр▒Лр░░р▒Нр░╕р▒Б,1146.0,роорпБроЯро┐ропро╛родрпЖройрпНро▒рпБ,1146
р░╡р▒Жр░│р▒Нр░│р░╛р░▓р░┐,1147.0,роОродрпБро╡рпБроорпН,1147
р░ир░┐р░╢р▒Нр░╢р░мр▒Нр░ж,1148.0,роХро┐роЯрпИропро╛родрпБ,1148
р░Зр░Вр░Яр░┐р░▓р▒Л,1149.0,рокро┐ройрпНрокро▒рпНро▒ро╡рпБроорпН,1149
р░мр░┐р░Ър▒Нр░Ър░Чр░╛р░бр▒Б,1150.0,рокрпКро░рпБроирпНродрпБроорпН,1150
р░╡р░▓р░пр░╛р░▓р▒Б,1151.0,роЖроЯ,1151
р░Кр░╣р░┐р░Вр░Ър░Вр░бр░┐,1152.0,роЪроорпАрокродрпНродро┐роп,1152
р░Ер░ир▒Бр░нр░╡р░В,1153.0,рокропройрпБро│рпНро│,1153
р░мр░╣р░┐р░░р▒Нр░Чр░др░В,1154.0,роЕроорпНроЪроЩрпНроХро│рпИ,1154
р░кр▒Нр░░р░╛р░Вр░др░╛р░▓р▒Б,1155.0,роЙро│рпНро│роЯроХрпНроХро┐,1155
р░кр░╛р░░р░┐р░╢р▒Нр░░р░╛р░ор░┐р░Х,1156.0,ро╣ро╣ро╛,1156
р░ор▒Кр░Хр▒Нр░Хр░▓р▒Б,1157.0,ро╡рпЗроЯро┐роХрпНроХрпИропро╛рой,1157
р░▓р▒Зр░Хр░кр▒Лр░╡р░бр░Вр░др▒Л,1158.0,ро╡ро┐ро░рпБроорпНрокродрпНродроХро╛род,1158
р░╢р▒Бр░нр▒Нр░░р░д,1159.0,ро╡ро╛роЪройрпИропрпИ,1159
р░Чр▒Зр░ор▒Нр░╕р▒Н,1160.0,роЗро▓роХрпНроХрогроорпН,1160
р░Ер░ир▒Нр░ир▒А,1161.0,ро╡ро┐ро▒рпНрокройрпИ,1161
р░Ър▒Вр░кр░┐р░Вр░Ър▒Б,1162.0,ро╣ро╛роЯрпНро▓рпИройрпН,1162
р░Жр░Яр▒Л,1163.0,ропрпЗро╛роЪройрпИропрпБроорпН,1163
р░╡р░┐р░ир▒Лр░жр░В,1164.0,роХро┐роЯрпИродрпНродро╛ро▓рпН,1164
р░Ер░Вр░жр░В,1165.0,роОройроХрпНроХрпБродрпН,1165
р░Жр░░р▒Лр░Чр▒Нр░пр░В,1166.0,роКрокро░рпН,1166
р░Ьр░Вр░др▒Бр░╡р▒Бр░▓р▒Б,1167.0,роЯрпЖроХрпНройро╛ро▓роЬрпАро╕рпН,1167
р░жр▒Бр░╕р▒Нр░др▒Бр░▓р▒Б,1168.0,роЗройрпНроХрпН,1168
р░ир▒Зр░░р▒Нр░кр░┐р░Вр░Ър░╛р░▓р░ир░┐,1169.0,роЗро╡рпНро╡ро│ро╡рпБ,1169
р░Хр▒Лр░░р▒Бр░Хр▒Бр░Вр░Яр▒Бр░ир▒Нр░ир░╛р░ир▒Б,1170.0,роЪрпБро▓рокрооро╛,1170
р░ер▒Ар░ор▒Н,1171.0,роЪро┐роирпНродройрпИ,1171
р░╕р▒Бр░▓р░нр░ор▒Жр▒Цр░и,1172.0,роЙродро╡ро┐ропрпИроХрпН,1172
р░╡р▒Бр░ир▒Нр░ир░╛р░п,1173.0,роХрогрпНроЯрпБрокро┐роЯро┐,1173
р░Ер░бр▒Нр░ор░┐р░╖р░ир▒Н,1174.0,ро╡ро░рпБроорпБройрпН,1174
р░╡р▒Ар░бр░┐р░пр▒Л,1175.0,роЖро░роорпНрокроорпН,1175
р░Хр░ир▒Нр░ир░╛,1176.0,ро╡роирпНродрпБро╡ро┐роЯрпНроЯрпБрокрпН,1176
р░кр░жр░╛р░▓р░ир▒Б,1177.0,родрпБрокро╛ропрпН,1177
р░кр░░р░┐р░░р░Хр▒Нр░╖р░гр░Хр▒Б,1178.0,ро╡ро░рпБроХро┐ро▒ро╛ро░рпНроХро│рпН,1178
р░ор░зр▒Нр░п,1179.0,родрпКроЯро░рпНроирпНродрпБ,1179
р░Ър▒Жр░▓р▒Нр░▓р░┐р░Вр░Ър░╡р░Ър▒Нр░Ър▒Б,1180.0,рооро╛роЯрпН,1180
р░Йр░Вр░Яр░╛р░В,1181.0,роОройрпНро▒ро╛ро▓рпБроорпН,1181
р░╕р▒Нр░Хр▒Жр▒Цр░кр▒Н,1182.0,роЙродро╡ро┐ропродро▒рпНроХрпБ,1182
р░Хр░пр░╛р░Хр░┐р░Вр░Чр▒Н,1183.0,роЗро░рогрпНроЯрпБроорпН,1183
р░др▒Ар░╕р▒Бр░Хр▒Бр░ир░┐,1184.0,роЪрпЖропрпНроХро┐ро▒ро╛ро░рпНроХро│рпН,1184
р░др▒Жр░▓р▒Бр░╕р▒Бр░Хр▒Лр░╡р░╛р░▓р░Вр░Яр▒З,1185.0,рооройро┐родро░рпНроХро│рпН,1185
р░Ър▒Вр░бр░╡р░жр▒Нр░жр▒Б,1186.0,роХрпВроЯрпНроЯрпБродрпНродрпЖро╛роХрпИ,1186
р░╡р░╛р░░р▒Нр░др░▓р▒Б,1187.0,роОрокрпНрокрпЗро╛родрпБ,1187
р░╕р░Вр░╡р░др▒Нр░╕р░░р░╛р░ир░┐р░Хр░┐,1188.0,роХро░рпБродрпНродрпБро░рпИроХро│рпН,1188
р░жр▒Зр░ир░┐р░Хр▒Лр░╕р░В,1189.0,рокро┐ро░ро┐ро╡рпБроХро│рпН,1189
р░Ор░жр▒Бр░░р▒Б,1190.0,роорпЗро▓ро╛рой,1190
р░Ър▒Вр░╕р▒Нр░др▒Бр░ир▒Нр░ир░╛р░╡р▒Б,1191.0,роЪрпЗрооро┐рокрпНрокрпБ,1191
р░бр▒Нр░░р▒Ар░В,1192.0,рокро┐ро│ро╕рпН,1192
р░╕р▒Вр░Ър░┐р░Вр░Ър░Вр░бр░┐,1193.0,роироЯрпНрокрпБ,1193
р░ир░┐р░╡р▒Зр░жр░┐р░Вр░Ър░Вр░бр░┐,1194.0,рокро░ро┐рооро╛ро▒рпНро▒роорпН,1194
р░мр▒Нр░▓р░╛р░Чр░░р▒Нр░▓р▒Б,1195.0,ро╡ро╛ро┤рпНро╡ро┐ройрпН,1195
р░╣р▒Жр░мр▒Нр░░р▒Ар░пр▒Бр░▓р▒Б,1196.0,роирпЖро╛роЯро┐ропрпБроорпН,1196
р░Хр░ир▒Бр░Чр▒Кр░ир░бр░Вр░▓р▒Л,1197.0,роЪрпЗройро▓рпН,1197
р░▓р▒Жр▒Цр░Яр░┐р░Вр░Чр▒Н,1198.0,родрпЗро╡рпИропро╛,1198
р░Хр▒Л,1199.0,роЕройрпБрокрпНрокрпБ,1199
р░Хр░Вр░кр▒Жр░ир▒А,1200.0,роХрпБроЯрпБроорпНроктАжтАж,1200
р░Ър░┐р░░р▒Бр░ир░╛р░ор░╛,1201.0,ро╡ро╛роЩрпНроХрпБроорпН,1201
р░Зр░Вр░бр░╕р▒Нр░Яр▒Нр░░р░┐р░пр░▓р▒Н,1202.0,ро╡рпЗро▒рпБ,1202
р░кр░╛р░░р▒Нр░Хр▒Н,1203.0,ро╡ро┐ро│рпИропро╛роЯрпНроЯро┐ройрпН,1203
р░мр░╛р░╡р▒Лр░пр░╛р░ир▒Н,1204.0,ро╡ро┐родро┐роХро│рпН,1204
р░╖р▒Жр░ир▒Нр░Ьр▒Жр░ир▒Н,1205.0,родрпБро▒рпИропро┐ро▓рпН,1205
р░Ър▒Жр▒Цр░ир░╛,1206.0,роХро╛рогрпНроХро┐ро▒рпАро░рпНроХро│рпН,1206
р░╕р░ор▒Ар░к,1207.0,роЗро░роХроЪро┐роп,1207
р░╕р░╣р░Хр░╛р░░,1208.0,ро╡ро┐ро│роХрпНроХро┐ройро╛ро░рпН,1208
р░Пр░░р▒Нр░кр░╛р░Яр▒Б,1209.0,родрпЖро╛ро▓рпИрокрпЗроЪро┐роХро│рпН,1209
р░╕р░Вр░др░Хр░В,1210.0,роиро┐ро▓рпИропро┐ро▓рпН,1210
р░Ър▒Зр░╕р░┐р░ир░Яр▒Нр░▓р░пр░┐р░др▒З,1211.0,роЙро│рпНро│рпАро░рпНроХро│рпН,1211
р░ор▒Бр░Цр▒Нр░пр░ор▒Ир░и,1212.0,рокрпЛроХрпНроХро┐ро▒рпНроХрпБ,1212
р░╕р░ор░╛р░Ър░╛р░░р░╛р░ир▒Нр░ир░┐,1213.0,рокрпЛроХро╡рпЗрогрпНроЯрпБроорпН,1213
р░Хр░ир▒Бр░Чр▒Кр░ир░Чр░▓р░░р▒Б,1214.0,рокро╛родрпБроХро╛рокрпНрокро╛ройродро╛,1214
р░░р░┐р░Вр░Чр▒Н,1215.0,рокродро┐ро▓ро│ро┐рокрпНрокрпЛроорпН,1215
р░Зр░╡р▒Нр░╡р░▓р▒Зр░░р▒Б,1216.0,рокро┐роЪрпНроЪрпИроХрпНроХро╛ро░ройрпН,1216
р░Ер░╡р░╕р░░р░╛р░▓,1217.0,роорпЗро╛родро┐ро░роЩрпНроХро│рпН,1217
р░ор▒Ар░ж,1218.0,роЗрокрпНрокрпКро┤рпБродрпБ,1218
р░Жр░зр░╛р░░р░кр░бр░┐,1219.0,роХро▒рпНрокройрпИ,1219
р░╡р▒Зр░▓,1220.0,роЪрпЖропрпНропрпБроЩрпНроХро│рпН,1220
р░╕р░Вр░╡р░др▒Нр░╕р░░р░╛р░▓тАЩ,1221.0,ро╡ро░рпБроЯроЩрпНроХро│рпБроХрпНроХрпБроорпН,1221
р░╡р░Ър▒Нр░Ър░┐р░и,1222.0,роорпЗро▓ро╛роХ,1222
р░Цр░░р▒Ар░жр▒Жр▒Цр░ир░жр░┐,1223.0,роЕройрпБрокро╡роорпН,1223
р░бр▒Нр░░р░╛р░пр░┐р░Вр░Чр▒Н,1224.0,родрпЖро░ро┐роп,1224
р░Ор░др▒Нр░др▒Бр░и,1225.0,роироХро░родрпНродро┐ро▒рпНроХрпБ,1225
р░Йр░кр░╕р░Вр░╣р░░р░┐р░Вр░Ър▒Бр░Хр▒Лр░╡р░╛р░▓р░ир░┐,1226.0,роЕро░рпБроХро╛роорпИропро┐ро▓рпН,1226
р░Зр░др░░р▒Бр░▓р░ир▒Б,1227.0,ро╡ро┐роЪро╛ро░рогрпИроХрпНроХро╛роХ,1227
р░▓р▒Зр░Хр▒Бр░Вр░бр░╛,1228.0,роорпБроХро╡ро░ро┐ропрпИропрпБроорпН,1228
р░Ьр▒Ар░╡р░┐р░Вр░Ър░бр░╛р░ир░┐р░Хр░┐,1229.0,роХрпЖро╛роЯрпБродрпНродрпБро╡ро┐роЯрпНроЯрпБроЪрпН,1229
р░Ър▒Жр░пр▒Нр░пр░╡р░Ър▒Нр░Ър▒Б,1230.0,роирпЗро░роорпБроорпН,1230